;id;url;created_at;username;verified;location;following;followers;total_tweets;favorite_count;retweet_count;hashtags;tweet_type;mentions;raw_text;text;sentiment_roberta;score_roberta
0;1523444173977784320;https://twitter.com/twitter/statuses/1523444173977784320;2022-05-08 23:26:09+00:00;yieldaggregator;False;New Orleans, LA;144;77;676;0;0;[];recent;[{'screen_name': 'leo5imon', 'name': 'Leo Simon', 'id': 773215417963778048, 'id_str': '773215417963778048', 'indices': [0, 9]}, {'screen_name': 'TokenReactor', 'name': '‚îª‚î≥ TOKEMAK', 'id': 1101283758097915904, 'id_str': '1101283758097915904', 'indices': [10, 23]}, {'screen_name': 'OlympusDAO', 'name': 'OlympusDAO', 'id': 1353529215497469952, 'id_str': '1353529215497469952', 'indices': [24, 35]}, {'screen_name': 'kaizen_dao', 'name': 'KaizenDAO', 'id': 1240278099289399297, 'id_str': '1240278099289399297', 'indices': [36, 47]}];@leo5imon @TokenReactor @OlympusDAO @kaizen_dao Loved this article.  Do you think Bancor qualifies as another solution to the same problem?;_dao Loved this article Do you think Bancor qualifies as another solution to the same problem?;Positive;0.9512863755226135
1;1523440754630467584;https://twitter.com/twitter/statuses/1523440754630467584;2022-05-08 23:12:34+00:00;ohmiebull1;False;;137;28;211;0;2;[];recent;[{'screen_name': 'JASF_MS03', 'name': 'Slinxs (√∏:√∏)', 'id': 830524679790137346, 'id_str': '830524679790137346', 'indices': [3, 13]}, {'screen_name': 'OlympusDAO', 'name': 'OlympusDAO', 'id': 1353529215497469952, 'id_str': '1353529215497469952', 'indices': [39, 50]}];RT @JASF_MS03: Let's go butter hands!, @OlympusDAO is buying your $OHM, don't think about it too much, or maybe yes? https://t.co/DtJpmwcXbr;RT _MS03 Let's go butter hands! is buying your $OHM don't think about it too much or maybe yes https://t.co/DtJpmwcXbr;Positive;0.5899474024772644
2;1523437060392370176;https://twitter.com/twitter/statuses/1523437060392370176;2022-05-08 22:57:53+00:00;Wolfcapital41;False;;39;6;34;0;3;[{'text': 'FTM', 'indices': [98, 102]}];recent;[{'screen_name': 'WhaleStatsFTM', 'name': 'WhaleStats - the top 1000 Fantom richlist', 'id': 1435079049517228032, 'id_str': '1435079049517228032', 'indices': [3, 17]}, {'screen_name': 'OlympusDAO', 'name': 'OlympusDAO', 'id': 1353529215497469952, 'id_str': '1353529215497469952', 'indices': [34, 45]}];"RT @WhaleStatsFTM: JUST IN: $gOHM @OlympusDAO one of the MOST USED smart contracts among top 2000 #FTM whales in the last 24hrsüê≥

We've als‚Ä¶";RT JUST IN $gOHM one of the MOST USED smart contracts among top 2000 #FTM whales in the last 24hrsüê≥ We've als‚Ä¶;Positive;0.6507555246353149
3;1523433200411811842;https://twitter.com/twitter/statuses/1523433200411811842;2022-05-08 22:42:33+00:00;JoyceWe47839908;False;;19;2;4;0;0;[];recent;[];dr00shie OlympusDAO Is there any risk to your ohm?;dr00shie OlympusDAO Is there any risk to your ohm?;Neutral;0.7665703892707825
4;1523428095541510144;https://twitter.com/twitter/statuses/1523428095541510144;2022-05-08 22:22:16+00:00;web3_toxin;False;Vicious Moon;126;28;26;0;0;[];recent;[{'screen_name': 'OlympusDAO', 'name': 'OlympusDAO', 'id': 1353529215497469952, 'id_str': '1353529215497469952', 'indices': [25, 36]}];Scenic Beauty created by @OlympusDAO, All the replicas don't understand what's going on behind the scene !;Scenic Beauty created by All the replicas don't understand what's going on behind the scene !;Negative;0.5326909422874451
5;1523419396017852416;https://twitter.com/twitter/statuses/1523419396017852416;2022-05-08 21:47:42+00:00;SalomonCrypto;False;;637;217;303;1;0;[];recent;[{'screen_name': 'OlympusDAO', 'name': 'OlympusDAO', 'id': 1353529215497469952, 'id_str': '1353529215497469952', 'indices': [84, 95]}, {'screen_name': 'ohmzeus', 'name': 'Zeus Œ© |3, 3|', 'id': 1335984626230321154, 'id_str': '1335984626230321154', 'indices': [103, 111]}];"(16/19) Metaphors are how prophets communicate the future to mortals. 

There is no @OlympusDAO unless @ohmzeus can‚Ä¶ https://t.co/9UUIZxlNyW";(16/19 Metaphors are how prophets communicate the future to mortals There is no unless can https://t.co/9UUIZxlNyW;Neutral;0.8297091722488403
6;1523414516616220672;https://twitter.com/twitter/statuses/1523414516616220672;2022-05-08 21:28:19+00:00;5irzz;False;Australia ;769;772;3645;0;2;[];recent;[{'screen_name': 'JASF_MS03', 'name': 'Slinxs (√∏:√∏)', 'id': 830524679790137346, 'id_str': '830524679790137346', 'indices': [3, 13]}, {'screen_name': 'OlympusDAO', 'name': 'OlympusDAO', 'id': 1353529215497469952, 'id_str': '1353529215497469952', 'indices': [39, 50]}];RT @JASF_MS03: Let's go butter hands!, @OlympusDAO is buying your $OHM, don't think about it too much, or maybe yes? https://t.co/DtJpmwcXbr;RT _MS03 Let's go butter hands! is buying your $OHM don't think about it too much or maybe yes https://t.co/DtJpmwcXbr;Positive;0.5899474024772644
7;1523395760007487488;https://twitter.com/twitter/statuses/1523395760007487488;2022-05-08 20:13:47+00:00;JASF_MS03;False;On an exoplanet;1016;552;18276;2;0;[];recent;[{'screen_name': 'OlympusDAO', 'name': 'OlympusDAO', 'id': 1353529215497469952, 'id_str': '1353529215497469952', 'indices': [0, 11]}];@OlympusDAO  currently has $600k per day to buy your $OHM, and if conditions require it, that amount will go up to‚Ä¶ https://t.co/MDKwd13nPO;currently has $600k per day to buy your $OHM and if conditions require it that amount will go up to https://t.co/MDKwd13nPO;Neutral;0.8633336424827576
8;1523393649077153792;https://twitter.com/twitter/statuses/1523393649077153792;2022-05-08 20:05:23+00:00;JayTee_5555;False;;1055;679;9882;0;2;[];recent;[{'screen_name': 'cryptomj8', 'name': 'jmcrypto.x', 'id': 1143718618179371008, 'id_str': '1143718618179371008', 'indices': [3, 13]}, {'screen_name': 'disa_diisaa', 'name': 'Disa', 'id': 1381017760277393416, 'id_str': '1381017760277393416', 'indices': [15, 27]}, {'screen_name': 'FantomHub', 'name': 'FantomHub', 'id': 1443255403505061891, 'id_str': '1443255403505061891', 'indices': [28, 38]}, {'screen_name': 'WarpBond', 'name': 'Warp.Game', 'id': 1468745083629490188, 'id_str': '1468745083629490188', 'indices': [39, 48]}, {'screen_name': 'OlympusDAO', 'name': 'OlympusDAO', 'id': 1353529215497469952, 'id_str': '1353529215497469952', 'indices': [49, 60]}, {'screen_name': 'opensea', 'name': 'OpenSea', 'id': 946213559213555712, 'id_str': '946213559213555712', 'indices': [61, 69]}, {'screen_name': 'FantomFDN', 'name': 'Fantom Foundation', 'id': 977020204071792641, 'id_str': '977020204071792641', 'indices': [70, 80]}, {'screen_name': '0xPolygon', 'name': 'Polygon - MATIC üíö', 'id': 914738730740715521, 'id_str': '914738730740715521', 'indices': [81, 91]}, {'screen_name': 'WalletConnect', 'name': 'WalletConnect üì≤', 'id': 977233881668648960, 'id_str': '977233881668648960', 'indices': [92, 106]}, {'screen_name': 'jaceincrypto', 'name': 'callmejace', 'id': 187794592, 'id_str': '187794592', 'indices': [107, 120]}, {'screen_name': 'tdellytech', 'name': 'Tdellz', 'id': 942601921860313089, 'id_str': '942601921860313089', 'indices': [121, 132]}];RT @cryptomj8: @disa_diisaa @FantomHub @WarpBond @OlympusDAO @opensea @FantomFDN @0xPolygon @WalletConnect @jaceincrypto @tdellytech @PeteC‚Ä¶;RT _diisaa ‚Ä¶;Neutral;0.894661009311676
9;1523392521358823425;https://twitter.com/twitter/statuses/1523392521358823425;2022-05-08 20:00:55+00:00;JASF_MS03;False;On an exoplanet;1016;552;18276;10;2;[];recent;[{'screen_name': 'OlympusDAO', 'name': 'OlympusDAO', 'id': 1353529215497469952, 'id_str': '1353529215497469952', 'indices': [24, 35]}];Let's go butter hands!, @OlympusDAO is buying your $OHM, don't think about it too much, or maybe yes? https://t.co/DtJpmwcXbr;Let's go butter hands! is buying your $OHM don't think about it too much or maybe yes https://t.co/DtJpmwcXbr;Positive;0.6911458969116211
10;1523392134883442688;https://twitter.com/twitter/statuses/1523392134883442688;2022-05-08 19:59:22+00:00;disa_diisaa;False;;411;460;11225;0;2;[];recent;[{'screen_name': 'cryptomj8', 'name': 'jmcrypto.x', 'id': 1143718618179371008, 'id_str': '1143718618179371008', 'indices': [3, 13]}, {'screen_name': 'disa_diisaa', 'name': 'Disa', 'id': 1381017760277393416, 'id_str': '1381017760277393416', 'indices': [15, 27]}, {'screen_name': 'FantomHub', 'name': 'FantomHub', 'id': 1443255403505061891, 'id_str': '1443255403505061891', 'indices': [28, 38]}, {'screen_name': 'WarpBond', 'name': 'Warp.Game', 'id': 1468745083629490188, 'id_str': '1468745083629490188', 'indices': [39, 48]}, {'screen_name': 'OlympusDAO', 'name': 'OlympusDAO', 'id': 1353529215497469952, 'id_str': '1353529215497469952', 'indices': [49, 60]}, {'screen_name': 'opensea', 'name': 'OpenSea', 'id': 946213559213555712, 'id_str': '946213559213555712', 'indices': [61, 69]}, {'screen_name': 'FantomFDN', 'name': 'Fantom Foundation', 'id': 977020204071792641, 'id_str': '977020204071792641', 'indices': [70, 80]}, {'screen_name': '0xPolygon', 'name': 'Polygon - MATIC üíö', 'id': 914738730740715521, 'id_str': '914738730740715521', 'indices': [81, 91]}, {'screen_name': 'WalletConnect', 'name': 'WalletConnect üì≤', 'id': 977233881668648960, 'id_str': '977233881668648960', 'indices': [92, 106]}, {'screen_name': 'jaceincrypto', 'name': 'callmejace', 'id': 187794592, 'id_str': '187794592', 'indices': [107, 120]}, {'screen_name': 'tdellytech', 'name': 'Tdellz', 'id': 942601921860313089, 'id_str': '942601921860313089', 'indices': [121, 132]}];RT @cryptomj8: @disa_diisaa @FantomHub @WarpBond @OlympusDAO @opensea @FantomFDN @0xPolygon @WalletConnect @jaceincrypto @tdellytech @PeteC‚Ä¶;RT _diisaa ‚Ä¶;Neutral;0.894661009311676
11;1523387595731849219;https://twitter.com/twitter/statuses/1523387595731849219;2022-05-08 19:41:20+00:00;theNickWolf;False;United Kingdom;2137;1869;401;0;3;[];recent;[{'screen_name': 'ShivanshuMadan', 'name': 'shivamadan.eth üö¢', 'id': 108239650, 'id_str': '108239650', 'indices': [3, 18]}];"RT @ShivanshuMadan: Cryptocurrencies were created to move away from the broken global financial systems.

Yet, there's ~$190B stored in dol‚Ä¶";RT Cryptocurrencies were created to move away from the broken global financial systems. Yet there's ~$190B stored in dol‚Ä¶;Neutral;0.5774033069610596
12;1523381172818280448;https://twitter.com/twitter/statuses/1523381172818280448;2022-05-08 19:15:49+00:00;dominike333;False;üíñ;416;102;1636;0;4;[];recent;[{'screen_name': 'ohmSHAFT', 'name': 'SHAFT |3,3|', 'id': 1508274556020088838, 'id_str': '1508274556020088838', 'indices': [3, 12]}, {'screen_name': 'OlympusDAO', 'name': 'OlympusDAO', 'id': 1353529215497469952, 'id_str': '1353529215497469952', 'indices': [34, 45]}];RT @ohmSHAFT: Do people know that @OlympusDAO is buying back and burning 600k+ of OHM a day.;RT Do people know that is buying back and burning 600k of OHM a day.;Negative;0.4959700405597687
13;1523381019839463424;https://twitter.com/twitter/statuses/1523381019839463424;2022-05-08 19:15:12+00:00;SolidityGithub;False;;0;582;23142;0;0;[];recent;[];"Name: OlympusDAO/test-utils
Description: Foundry test utils.

Last Commit: feat: with() no arg
Author: PARABRAHMAN0‚Ä¶ https://t.co/xE10VoyXPB";Name OlympusDAO/test-utils Description Foundry test utils. Last Commit feat with( no arg Author PARABRAHMAN0 https://t.co/xE10VoyXPB;Neutral;0.9066464900970459
14;1523379757198442496;https://twitter.com/twitter/statuses/1523379757198442496;2022-05-08 19:10:11+00:00;SolidityGithub;False;;0;582;23142;0;0;[];recent;[];"Name: OlympusDAO/test-utils
Description: Foundry test utils.

Last Commit: feat: with() no arg
Author: PARABRAHMAN0‚Ä¶ https://t.co/fV8lVGgwre";Name OlympusDAO/test-utils Description Foundry test utils. Last Commit feat with( no arg Author PARABRAHMAN0 https://t.co/fV8lVGgwre;Neutral;0.9058516025543213
15;1523369526569578498;https://twitter.com/twitter/statuses/1523369526569578498;2022-05-08 18:29:32+00:00;ohmSHAFT;False;;54;38;38;42;4;[];recent;[{'screen_name': 'OlympusDAO', 'name': 'OlympusDAO', 'id': 1353529215497469952, 'id_str': '1353529215497469952', 'indices': [20, 31]}];Do people know that @OlympusDAO is buying back and burning 600k+ of OHM a day.;Do people know that is buying back and burning 600k of OHM a day.;Negative;0.4982098340988159
16;1523360139700363264;https://twitter.com/twitter/statuses/1523360139700363264;2022-05-08 17:52:14+00:00;Wangqy29363534;False;;59;2;14;0;0;[];recent;[];4. CVX owned by Frax, Terra and Redacted will be used to vote for the pool emission. The list of 4pool alliance is‚Ä¶ https://t.co/9FZYFgfUo7;4 CVX owned by Frax Terra and Redacted will be used to vote for the pool emission The list of 4pool alliance is https://t.co/9FZYFgfUo7;Neutral;0.9399383068084717
17;1523346886014345218;https://twitter.com/twitter/statuses/1523346886014345218;2022-05-08 16:59:34+00:00;Tamas__Nagy;False;Cumbria, United Kingdom;994;2682;1258;0;0;[];recent;[{'screen_name': 'OlympusDAO', 'name': 'OlympusDAO', 'id': 1353529215497469952, 'id_str': '1353529215497469952', 'indices': [0, 11]}];@OlympusDAO Clearly most of you bought ohm because apr was so huge, didnt bother reading the whitepaper :));Clearly most of you bought ohm because apr was so huge didnt bother reading the whitepaper :));Neutral;0.4204491376876831
18;1523334740362743808;https://twitter.com/twitter/statuses/1523334740362743808;2022-05-08 16:11:18+00:00;lovixgirl;False;;236;27;729;0;0;[];recent;[{'screen_name': 'Abachi_io', 'name': 'Abachi', 'id': 1451417232961982466, 'id_str': '1451417232961982466', 'indices': [0, 10]}, {'screen_name': 'OlympusDAO', 'name': 'OlympusDAO', 'id': 1353529215497469952, 'id_str': '1353529215497469952', 'indices': [11, 22]}];@Abachi_io @OlympusDAO wow cool;_io wow cool;Positive;0.923376739025116
19;1523329734628626432;https://twitter.com/twitter/statuses/1523329734628626432;2022-05-08 15:51:25+00:00;blakstarminting;False;;397;137;756;0;0;[];recent;[{'screen_name': 'OlympusDAO', 'name': 'OlympusDAO', 'id': 1353529215497469952, 'id_str': '1353529215497469952', 'indices': [3, 14]}];If @OlympusDAO is not a ponzi why was I kicked of the discord server expressing my concern as an invested member. ü§î;If is not a ponzi why was I kicked of the discord server expressing my concern as an invested member ü§î;Negative;0.7115927338600159
20;1523329017146871808;https://twitter.com/twitter/statuses/1523329017146871808;2022-05-08 15:48:34+00:00;gelatodan;False;;274;212;362;0;2;[];recent;[{'screen_name': 'gelatonetwork', 'name': 'Gelato', 'id': 1182591601593454592, 'id_str': '1182591601593454592', 'indices': [3, 17]}, {'screen_name': 'itssarahamann', 'name': 'sarah', 'id': 536868408, 'id_str': '536868408', 'indices': [49, 63]}];"RT @gelatonetwork: Our developer advocate Sarah (@itssarahamann) is back with a fresh Gelato Sundae, and it's ùôöùô≠ùô©ùôßùôñ sweet...üçß

Featuring @O‚Ä¶";RT Our developer advocate Sarah ( is back with a fresh Gelato Sundae and it's ùôöùô≠ùô©ùôß sweet...üçß Featuring ‚Ä¶;Positive;0.9670301079750061
21;1523328883239628801;https://twitter.com/twitter/statuses/1523328883239628801;2022-05-08 15:48:02+00:00;gelatonetwork;False;;23;35465;1552;15;2;[];recent;[{'screen_name': 'itssarahamann', 'name': 'sarah', 'id': 536868408, 'id_str': '536868408', 'indices': [30, 44]}];"Our developer advocate Sarah (@itssarahamann) is back with a fresh Gelato Sundae, and it's ùôöùô≠ùô©ùôßùôñ sweet...üçß

Featuri‚Ä¶ https://t.co/YtQPqdeJR9";Our developer advocate Sarah ( is back with a fresh Gelato Sundae and it's ùôöùô≠ùô©ùôß sweet...üçß Featuri https://t.co/YtQPqdeJR9;Positive;0.9822560548782349
22;1523313631299260416;https://twitter.com/twitter/statuses/1523313631299260416;2022-05-08 14:47:26+00:00;RebaseTokens;False;Blockchain;1009;8037;13387;0;0;[{'text': 'ETH', 'indices': [37, 41]}];recent;[{'screen_name': 'OlympusDAO', 'name': 'OlympusDAO', 'id': 1353529215497469952, 'id_str': '1353529215497469952', 'indices': [16, 27]}];"Olympus - $OHM (@OlympusDAO) update! #ETH

Price: $15.83
Price Change 24h: -7.2%
Volume 24h: $2,261,578.96
Fully Di‚Ä¶ https://t.co/aZB2FE3rPH";Olympus $OHM ( update #ETH Price $15.83 Price Change 24h -7.2% Volume 24h $2,261,578.96 Fully Di https://t.co/aZB2FE3rPH;Neutral;0.8887393474578857
23;1523311395152052227;https://twitter.com/twitter/statuses/1523311395152052227;2022-05-08 14:38:33+00:00;28rubyrose;False;;23;16;306;0;3;[];recent;[{'screen_name': 'ordernchaos_fi', 'name': 'Order&Chaos', 'id': 1517384231609323520, 'id_str': '1517384231609323520', 'indices': [3, 18]}, {'screen_name': 'avalancheavax', 'name': 'Avalanche üî∫', 'id': 1055894724245155841, 'id_str': '1055894724245155841', 'indices': [72, 86]}, {'screen_name': 'zhusu', 'name': 'Zhu Su üî∫üåï', 'id': 79714172, 'id_str': '79714172', 'indices': [87, 93]}, {'screen_name': 'terra_money', 'name': 'Terra (UST) üåç Powered by LUNA üåï', 'id': 1022028994772910086, 'id_str': '1022028994772910086', 'indices': [94, 106]}, {'screen_name': 'OlympusDAO', 'name': 'OlympusDAO', 'id': 1353529215497469952, 'id_str': '1353529215497469952', 'indices': [107, 118]}, {'screen_name': 'fraxfinance', 'name': 'Frax Finance (¬§, ¬§) ü¶áüîä', 'id': 1123761442824519682, 'id_str': '1123761442824519682', 'indices': [119, 131]}];"RT @ordernchaos_fi: Algorithmic stablecoin and Stableswap SOON‚Ñ¢ --&gt; 
@avalancheavax @zhusu @terra_money @OlympusDAO @fraxfinance üëÄüëÄ https:/‚Ä¶";RT _fi Algorithmic stablecoin and Stableswap SOON --&gt _money üëÄ https:/‚Ä¶;Neutral;0.9073954820632935
24;1523307449242980352;https://twitter.com/twitter/statuses/1523307449242980352;2022-05-08 14:22:52+00:00;sravansaaga;False;Vilavoorkkal, India;329;10;365;0;3;[];recent;[{'screen_name': 'ordernchaos_fi', 'name': 'Order&Chaos', 'id': 1517384231609323520, 'id_str': '1517384231609323520', 'indices': [3, 18]}, {'screen_name': 'avalancheavax', 'name': 'Avalanche üî∫', 'id': 1055894724245155841, 'id_str': '1055894724245155841', 'indices': [72, 86]}, {'screen_name': 'zhusu', 'name': 'Zhu Su üî∫üåï', 'id': 79714172, 'id_str': '79714172', 'indices': [87, 93]}, {'screen_name': 'terra_money', 'name': 'Terra (UST) üåç Powered by LUNA üåï', 'id': 1022028994772910086, 'id_str': '1022028994772910086', 'indices': [94, 106]}, {'screen_name': 'OlympusDAO', 'name': 'OlympusDAO', 'id': 1353529215497469952, 'id_str': '1353529215497469952', 'indices': [107, 118]}, {'screen_name': 'fraxfinance', 'name': 'Frax Finance (¬§, ¬§) ü¶áüîä', 'id': 1123761442824519682, 'id_str': '1123761442824519682', 'indices': [119, 131]}];"RT @ordernchaos_fi: Algorithmic stablecoin and Stableswap SOON‚Ñ¢ --&gt; 
@avalancheavax @zhusu @terra_money @OlympusDAO @fraxfinance üëÄüëÄ https:/‚Ä¶";RT _fi Algorithmic stablecoin and Stableswap SOON --&gt _money üëÄ https:/‚Ä¶;Neutral;0.9073954820632935
25;1523283972607950849;https://twitter.com/twitter/statuses/1523283972607950849;2022-05-08 12:49:34+00:00;GodsOfOHMNFT;False;Olympus;130;168;265;1;0;[];recent;[{'screen_name': 'sirdaf', 'name': '‚ñàSirdaf‚ñà‚ñà‚ñà', 'id': 296105765, 'id_str': '296105765', 'indices': [0, 7]}, {'screen_name': 'OdysseyOlympus', 'name': 'Odyssey', 'id': 1421940448768126979, 'id_str': '1421940448768126979', 'indices': [8, 23]}, {'screen_name': 'OlympusDAO', 'name': 'OlympusDAO', 'id': 1353529215497469952, 'id_str': '1353529215497469952', 'indices': [24, 35]}];@sirdaf @OdysseyOlympus @OlympusDAO Zeus prefers sipping whiskey and listening to Thunderstruck ‚ö°üé∂;Zeus prefers sipping whiskey and listening to Thunderstruck ‚ö°üé∂;Neutral;0.6206466555595398
26;1523282746386583552;https://twitter.com/twitter/statuses/1523282746386583552;2022-05-08 12:44:42+00:00;3L3C70;False;;3097;3253;16768;0;0;[];recent;[{'screen_name': 'Mark11ETH', 'name': 'Shark11 |ü¶á,üîä|', 'id': 1329026108856045568, 'id_str': '1329026108856045568', 'indices': [0, 10]}, {'screen_name': 'dr00shie', 'name': 'dr00', 'id': 2192944657, 'id_str': '2192944657', 'indices': [11, 20]}, {'screen_name': 'OlympusDAO', 'name': 'OlympusDAO', 'id': 1353529215497469952, 'id_str': '1353529215497469952', 'indices': [21, 32]}, {'screen_name': 'zeetientien', 'name': 'Z.klima|Ÿ£,Ÿ£|(üêª‚õì)', 'id': 1421664599439466505, 'id_str': '1421664599439466505', 'indices': [33, 45]}];@Mark11ETH @dr00shie @OlympusDAO @zeetientien Both are absolute legends no doubt.;Both are absolute legends no doubt.;Positive;0.9589652419090271
27;1523282023871238144;https://twitter.com/twitter/statuses/1523282023871238144;2022-05-08 12:41:50+00:00;sirdaf;False;Eindhoven;1100;143;1107;1;0;[];recent;[{'screen_name': 'GodsOfOHMNFT', 'name': 'Gods Of OHM NFT', 'id': 1501827557783748608, 'id_str': '1501827557783748608', 'indices': [0, 13]}, {'screen_name': 'OdysseyOlympus', 'name': 'Odyssey', 'id': 1421940448768126979, 'id_str': '1421940448768126979', 'indices': [14, 29]}, {'screen_name': 'OlympusDAO', 'name': 'OlympusDAO', 'id': 1353529215497469952, 'id_str': '1353529215497469952', 'indices': [30, 41]}];@GodsOfOHMNFT @OdysseyOlympus @OlympusDAO Ooh I missed that one!! Perhaps Dyonysos then giving us the alpha while sipping a glass of wine üç∑.;Ooh I missed that one! Perhaps Dyonysos then giving us the alpha while sipping a glass of wine üç∑.;Positive;0.5309033393859863
28;1523278122090700803;https://twitter.com/twitter/statuses/1523278122090700803;2022-05-08 12:26:20+00:00;GodsOfOHMNFT;False;Olympus;130;168;265;1;0;[];recent;[{'screen_name': 'sirdaf', 'name': '‚ñàSirdaf‚ñà‚ñà‚ñà', 'id': 296105765, 'id_str': '296105765', 'indices': [0, 7]}, {'screen_name': 'OdysseyOlympus', 'name': 'Odyssey', 'id': 1421940448768126979, 'id_str': '1421940448768126979', 'indices': [8, 23]}, {'screen_name': 'OlympusDAO', 'name': 'OlympusDAO', 'id': 1353529215497469952, 'id_str': '1353529215497469952', 'indices': [24, 35]}];@sirdaf @OdysseyOlympus @OlympusDAO Ser, we already had Hermes. He'll be on the way to you soon though with positiv‚Ä¶ https://t.co/s5knQbNK1I;Ser we already had Hermes He'll be on the way to you soon though with positiv https://t.co/s5knQbNK1I;Positive;0.5646697878837585
29;1523264052817842177;https://twitter.com/twitter/statuses/1523264052817842177;2022-05-08 11:30:25+00:00;fadoportugal;False;;1185;421;21615;0;1;[];recent;[{'screen_name': 'callmemiya91', 'name': 'miya', 'id': 1511304648749043713, 'id_str': '1511304648749043713', 'indices': [3, 16]}];"RT @callmemiya91: Crypto News, April 15: North Korea Behind Ronin Hack and OlympusDAO Founder Doxxed
The Ronin hack has been tied to the No‚Ä¶";RT Crypto News April 15 North Korea Behind Ronin Hack and OlympusDAO Founder Doxxed The Ronin hack has been tied to the No‚Ä¶;Neutral;0.5521820783615112
30;1523262017783566336;https://twitter.com/twitter/statuses/1523262017783566336;2022-05-08 11:22:20+00:00;multieklavu;False;;5000;190;71839;0;0;[];recent;[{'screen_name': 'Abachi_io', 'name': 'Abachi', 'id': 1451417232961982466, 'id_str': '1451417232961982466', 'indices': [0, 10]}, {'screen_name': 'OlympusDAO', 'name': 'OlympusDAO', 'id': 1353529215497469952, 'id_str': '1353529215497469952', 'indices': [11, 22]}];@Abachi_io @OlympusDAO Rare indeed so much;_io Rare indeed so much;Neutral;0.564105212688446
31;1523258942713139202;https://twitter.com/twitter/statuses/1523258942713139202;2022-05-08 11:10:07+00:00;Eman_Sulaeman93;False;Crypto World;950;343;17812;0;1;[{'text': 'FTM', 'indices': [72, 76]}];recent;[{'screen_name': 'WhaleStatsFTM', 'name': 'WhaleStats - the top 1000 Fantom richlist', 'id': 1435079049517228032, 'id_str': '1435079049517228032', 'indices': [3, 17]}, {'screen_name': 'FantomFDN', 'name': 'Fantom Foundation', 'id': 977020204071792641, 'id_str': '977020204071792641', 'indices': [106, 116]}];"RT @WhaleStatsFTM: üèÜ MOST USED smart contracts for the top 2000 biggest #FTM whales today

ü•á $FTM
ü•à $WFTM @FantomFDN
ü•â $USDC
4Ô∏è‚É£ $BTC
5Ô∏è‚É£ $‚Ä¶";RT MOST USED smart contracts for the top 2000 biggest #FTM whales today $FTM $WFTM $USDC 4Ô∏è $BTC 5Ô∏è $‚Ä¶;Neutral;0.8024433255195618
32;1523256666107838465;https://twitter.com/twitter/statuses/1523256666107838465;2022-05-08 11:01:04+00:00;WhaleStatsFTM;False;Whalestats.eth;1;7324;819;9;1;[{'text': 'FTM', 'indices': [53, 57]}];recent;[{'screen_name': 'FantomFDN', 'name': 'Fantom Foundation', 'id': 977020204071792641, 'id_str': '977020204071792641', 'indices': [87, 97]}];"üèÜ MOST USED smart contracts for the top 2000 biggest #FTM whales today

ü•á $FTM
ü•à $WFTM @FantomFDN
ü•â $USDC
4Ô∏è‚É£ $BTC‚Ä¶ https://t.co/MmE6EUNI1X";MOST USED smart contracts for the top 2000 biggest #FTM whales today $FTM $WFTM $USDC 4Ô∏è $BTC https://t.co/MmE6EUNI1X;Neutral;0.6220971941947937
33;1523252735088373760;https://twitter.com/twitter/statuses/1523252735088373760;2022-05-08 10:45:27+00:00;pufflovegurl;False;;1192;400;2934;0;0;[];recent;[{'screen_name': 'Abachi_io', 'name': 'Abachi', 'id': 1451417232961982466, 'id_str': '1451417232961982466', 'indices': [0, 10]}, {'screen_name': 'OlympusDAO', 'name': 'OlympusDAO', 'id': 1353529215497469952, 'id_str': '1353529215497469952', 'indices': [11, 22]}];@Abachi_io @OlympusDAO Amazing! i hope this will be successful;_io Amazing i hope this will be successful;Positive;0.9850454926490784
34;1523244042372280321;https://twitter.com/twitter/statuses/1523244042372280321;2022-05-08 10:10:54+00:00;BitmexYachtClub;False;;9;2;32;0;0;[];recent;[{'screen_name': 'Coin98Insights', 'name': 'Coin98 Insights', 'id': 1413336283460431876, 'id_str': '1413336283460431876', 'indices': [0, 15]}, {'screen_name': 'NEARProtocol', 'name': 'NEAR Protocol', 'id': 1031949518609121280, 'id_str': '1031949518609121280', 'indices': [16, 29]}, {'screen_name': 'terra_money', 'name': 'Terra (UST) üåç Powered by LUNA üåï', 'id': 1022028994772910086, 'id_str': '1022028994772910086', 'indices': [30, 42]}, {'screen_name': 'Uniswap', 'name': 'Uniswap Labs ü¶Ñ', 'id': 984188226826010624, 'id_str': '984188226826010624', 'indices': [43, 51]}, {'screen_name': '0xPolygon', 'name': 'Polygon - MATIC üíö', 'id': 914738730740715521, 'id_str': '914738730740715521', 'indices': [52, 62]}, {'screen_name': 'GuildOfGuardian', 'name': 'GuildOfGuardians', 'id': 1313438418202886145, 'id_str': '1313438418202886145', 'indices': [63, 79]}, {'screen_name': 'tns_money', 'name': 'Terra Name Service (TNS) üåé', 'id': 1450066594080575490, 'id_str': '1450066594080575490', 'indices': [80, 90]}, {'screen_name': 'paraswap', 'name': 'ParaSwap', 'id': 1119329153814355973, 'id_str': '1119329153814355973', 'indices': [91, 100]}, {'screen_name': 'dfinity', 'name': 'DFINITY', 'id': 799071635231817729, 'id_str': '799071635231817729', 'indices': [101, 109]}, {'screen_name': 'OlympusDAO', 'name': 'OlympusDAO', 'id': 1353529215497469952, 'id_str': '1353529215497469952', 'indices': [110, 121]}, {'screen_name': 'Katana_HQ', 'name': 'Katana ü•∑üèΩ', 'id': 1389062886262251521, 'id_str': '1389062886262251521', 'indices': [122, 132]}];@Coin98Insights @NEARProtocol @terra_money @Uniswap @0xPolygon @GuildOfGuardian @tns_money @paraswap @dfinity @OlympusDAO @Katana_HQ $bmex ‚è∞;_money _money _HQ $bmex ‚è∞;Neutral;0.8441209197044373
35;1523243600120713218;https://twitter.com/twitter/statuses/1523243600120713218;2022-05-08 10:09:09+00:00;sksaaaah;False;;91;8;91;1;0;[];recent;[{'screen_name': 'OlympusDAO', 'name': 'OlympusDAO', 'id': 1353529215497469952, 'id_str': '1353529215497469952', 'indices': [0, 11]}, {'screen_name': 'ETHGlobal', 'name': 'ETHGlobal', 'id': 883476092832681984, 'id_str': '883476092832681984', 'indices': [12, 22]}];@OlympusDAO @ETHGlobal Where's my money Ôºü This is a rug;Where's my money This is a rug;Negative;0.8443165421485901
36;1523241172814090241;https://twitter.com/twitter/statuses/1523241172814090241;2022-05-08 09:59:30+00:00;rina120193;False;Planet EXO;4615;504;65015;0;0;[];recent;[{'screen_name': 'Abachi_io', 'name': 'Abachi', 'id': 1451417232961982466, 'id_str': '1451417232961982466', 'indices': [0, 10]}, {'screen_name': 'OlympusDAO', 'name': 'OlympusDAO', 'id': 1353529215497469952, 'id_str': '1353529215497469952', 'indices': [11, 22]}];@Abachi_io @OlympusDAO Looks rare but cool üòé;_io Looks rare but cool üòé;Positive;0.9549636840820312
37;1523225925550174209;https://twitter.com/twitter/statuses/1523225925550174209;2022-05-08 08:58:55+00:00;gregstarraw5;False;Sydney, New South Wales;156;35;823;1;0;[];recent;[{'screen_name': 'CryptoDonAlt', 'name': 'DonAlt', 'id': 878219545785372673, 'id_str': '878219545785372673', 'indices': [0, 13]}, {'screen_name': 'OlympusDAO', 'name': 'OlympusDAO', 'id': 1353529215497469952, 'id_str': '1353529215497469952', 'indices': [14, 25]}];@CryptoDonAlt @OlympusDAO pls explain;pls explain;Neutral;0.5581480264663696
38;1523214656608866304;https://twitter.com/twitter/statuses/1523214656608866304;2022-05-08 08:14:08+00:00;Arslan11687928;False;;209;1;18;0;0;[];recent;[{'screen_name': 'ConcaveFi', 'name': 'Concave (‚àû)', 'id': 1463358649187901444, 'id_str': '1463358649187901444', 'indices': [0, 10]}, {'screen_name': 'WAGMIcrypto', 'name': 'WAGMIcrypto (‚àû)', 'id': 511944338, 'id_str': '511944338', 'indices': [11, 23]}, {'screen_name': 'OlympusDAO', 'name': 'OlympusDAO', 'id': 1353529215497469952, 'id_str': '1353529215497469952', 'indices': [24, 35]}];@ConcaveFi @WAGMIcrypto @OlympusDAO Great;Great;Positive;0.7565585970878601
39;1523214530246963200;https://twitter.com/twitter/statuses/1523214530246963200;2022-05-08 08:13:38+00:00;chocobobakoo;False;;160;54;1682;0;0;[];recent;[{'screen_name': 'Abachi_io', 'name': 'Abachi', 'id': 1451417232961982466, 'id_str': '1451417232961982466', 'indices': [0, 10]}, {'screen_name': 'OlympusDAO', 'name': 'OlympusDAO', 'id': 1353529215497469952, 'id_str': '1353529215497469952', 'indices': [11, 22]}];@Abachi_io @OlympusDAO it looks great!!;_io it looks great!!;Positive;0.9849980473518372
40;1523208896541642752;https://twitter.com/twitter/statuses/1523208896541642752;2022-05-08 07:51:15+00:00;feyikenasuslg;False;;1326;68;5846;0;0;[];recent;[{'screen_name': 'Abachi_io', 'name': 'Abachi', 'id': 1451417232961982466, 'id_str': '1451417232961982466', 'indices': [0, 10]}, {'screen_name': 'OlympusDAO', 'name': 'OlympusDAO', 'id': 1353529215497469952, 'id_str': '1353529215497469952', 'indices': [11, 22]}];@Abachi_io @OlympusDAO wow looks so amazing!;_io wow looks so amazing!;Positive;0.9793046116828918
41;1523188005607194625;https://twitter.com/twitter/statuses/1523188005607194625;2022-05-08 06:28:14+00:00;Crypto_BaBa_IN;False;üöÄCryptosphereüöÄ;503;791;14368;0;0;[{'text': 'ETH', 'indices': [77, 81]}];recent;[{'screen_name': 'OlympusDAO', 'name': 'OlympusDAO', 'id': 1353529215497469952, 'id_str': '1353529215497469952', 'indices': [15, 26]}];"JUST IN: $gOHM @OlympusDAO now on top 10 purchased tokens among 2000 biggest #ETH whales in the last 24hrs üê≥

We've‚Ä¶ https://t.co/QSKcY3cdDK";JUST IN $gOHM now on top 10 purchased tokens among 2000 biggest #ETH whales in the last 24hrs üê≥ We've https://t.co/QSKcY3cdDK;Positive;0.7485736012458801
42;1523187570447855618;https://twitter.com/twitter/statuses/1523187570447855618;2022-05-08 06:26:30+00:00;sonbangochan;False;;10;4;54;1;0;[{'text': 'ETH', 'indices': [78, 82]}];recent;[{'screen_name': 'OlympusDAO', 'name': 'OlympusDAO', 'id': 1353529215497469952, 'id_str': '1353529215497469952', 'indices': [16, 27]}];"""JUST IN: $gOHM @OlympusDAO now on top 10 purchased tokens among 2000 biggest #ETH whales in the last 24hrs üê≥

I ha‚Ä¶ https://t.co/Zx4t3miIUw";"""JUST IN $gOHM now on top 10 purchased tokens among 2000 biggest #ETH whales in the last 24hrs üê≥ I ha https://t.co/Zx4t3miIUw";Positive;0.716377854347229
43;1523186046137028609;https://twitter.com/twitter/statuses/1523186046137028609;2022-05-08 06:20:27+00:00;innovatingvarun;False;Dol Guldur;109;44;623;1;0;[];recent;[{'screen_name': 'sayinshallah', 'name': 'jawz', 'id': 1350330558241529858, 'id_str': '1350330558241529858', 'indices': [0, 13]}, {'screen_name': 'OlympusDAO', 'name': 'OlympusDAO', 'id': 1353529215497469952, 'id_str': '1353529215497469952', 'indices': [14, 25]}];@sayinshallah @OlympusDAO End this misery already.;End this misery already.;Negative;0.9280452132225037
44;1523184873074470912;https://twitter.com/twitter/statuses/1523184873074470912;2022-05-08 06:15:47+00:00;IntoTheEther33;False;;101;60;565;0;6;[];recent;[{'screen_name': 'sayinshallah', 'name': 'jawz', 'id': 1350330558241529858, 'id_str': '1350330558241529858', 'indices': [3, 16]}, {'screen_name': 'OlympusDAO', 'name': 'OlympusDAO', 'id': 1353529215497469952, 'id_str': '1353529215497469952', 'indices': [25, 36]}];"RT @sayinshallah: üî•üî• üî• üî• @OlympusDAO have so far burnt 133,985 $OHM ($2,285,799.96) through inverse bonds

https://t.co/am7qgv6flX";RT üî• have so far burnt 133,985 $OHM ($2,285,799.96 through inverse bonds https://t.co/am7qgv6flX;Neutral;0.8275309801101685
45;1523182562860240896;https://twitter.com/twitter/statuses/1523182562860240896;2022-05-08 06:06:37+00:00;Oxsyinxy;False;@/laysyinxy;4590;995;64815;0;0;[];recent;[{'screen_name': 'Abachi_io', 'name': 'Abachi', 'id': 1451417232961982466, 'id_str': '1451417232961982466', 'indices': [0, 10]}, {'screen_name': 'OlympusDAO', 'name': 'OlympusDAO', 'id': 1353529215497469952, 'id_str': '1353529215497469952', 'indices': [11, 22]}];@Abachi_io @OlympusDAO good;_io good;Positive;0.7293081283569336
46;1523180070914838528;https://twitter.com/twitter/statuses/1523180070914838528;2022-05-08 05:56:42+00:00;BaliukIhor;False;Sydney, New South Wales;136;48;1098;0;0;[];recent;[{'screen_name': 'BirdieBurdman', 'name': 'Birdie Burdman', 'id': 1256982940187123713, 'id_str': '1256982940187123713', 'indices': [0, 14]}, {'screen_name': 'sayinshallah', 'name': 'jawz', 'id': 1350330558241529858, 'id_str': '1350330558241529858', 'indices': [15, 28]}, {'screen_name': 'OlympusDAO', 'name': 'OlympusDAO', 'id': 1353529215497469952, 'id_str': '1353529215497469952', 'indices': [29, 40]}];@BirdieBurdman @sayinshallah @OlympusDAO these inferior cucks don‚Äôt care;these inferior cucks don‚Äôt care;Negative;0.9111336469650269
47;1523179862705336321;https://twitter.com/twitter/statuses/1523179862705336321;2022-05-08 05:55:53+00:00;BaliukIhor;False;Sydney, New South Wales;136;48;1098;1;0;[];recent;[{'screen_name': 'sayinshallah', 'name': 'jawz', 'id': 1350330558241529858, 'id_str': '1350330558241529858', 'indices': [0, 13]}, {'screen_name': 'OlympusDAO', 'name': 'OlympusDAO', 'id': 1353529215497469952, 'id_str': '1353529215497469952', 'indices': [14, 25]}];@sayinshallah @OlympusDAO insane! too much buying pressure ü§°ü§° https://t.co/4qo2e9VrPj;insane too much buying pressure ü§° https://t.co/4qo2e9VrPj;Negative;0.8497933149337769
48;1523170916171010050;https://twitter.com/twitter/statuses/1523170916171010050;2022-05-08 05:20:20+00:00;nangbanmaihp;False;;126;17;9;0;5;[{'text': 'ETH', 'indices': [93, 97]}];recent;[{'screen_name': 'WhaleStats', 'name': 'WhaleStats - BabyWhale ($BBW)', 'id': 1393395686117318663, 'id_str': '1393395686117318663', 'indices': [3, 14]}, {'screen_name': 'OlympusDAO', 'name': 'OlympusDAO', 'id': 1353529215497469952, 'id_str': '1353529215497469952', 'indices': [31, 42]}];"RT @WhaleStats: JUST IN: $gOHM @OlympusDAO now on top 10 purchased tokens among 2000 biggest #ETH whales in the last 24hrs üê≥

We've also go‚Ä¶";RT JUST IN $gOHM now on top 10 purchased tokens among 2000 biggest #ETH whales in the last 24hrs üê≥ We've also go‚Ä¶;Positive;0.5524964928627014
49;1523168325693370368;https://twitter.com/twitter/statuses/1523168325693370368;2022-05-08 05:10:02+00:00;TheDailyShib;False;;10;52;6322;0;5;[{'text': 'ETH', 'indices': [93, 97]}];recent;[{'screen_name': 'WhaleStats', 'name': 'WhaleStats - BabyWhale ($BBW)', 'id': 1393395686117318663, 'id_str': '1393395686117318663', 'indices': [3, 14]}, {'screen_name': 'OlympusDAO', 'name': 'OlympusDAO', 'id': 1353529215497469952, 'id_str': '1353529215497469952', 'indices': [31, 42]}];"RT @WhaleStats: JUST IN: $gOHM @OlympusDAO now on top 10 purchased tokens among 2000 biggest #ETH whales in the last 24hrs üê≥

We've also go‚Ä¶";RT JUST IN $gOHM now on top 10 purchased tokens among 2000 biggest #ETH whales in the last 24hrs üê≥ We've also go‚Ä¶;Positive;0.5524964928627014
50;1523167756526710784;https://twitter.com/twitter/statuses/1523167756526710784;2022-05-08 05:07:46+00:00;Hendylaw;False;khuntien city;257;430;3494;0;5;[{'text': 'ETH', 'indices': [93, 97]}];recent;[{'screen_name': 'WhaleStats', 'name': 'WhaleStats - BabyWhale ($BBW)', 'id': 1393395686117318663, 'id_str': '1393395686117318663', 'indices': [3, 14]}, {'screen_name': 'OlympusDAO', 'name': 'OlympusDAO', 'id': 1353529215497469952, 'id_str': '1353529215497469952', 'indices': [31, 42]}];"RT @WhaleStats: JUST IN: $gOHM @OlympusDAO now on top 10 purchased tokens among 2000 biggest #ETH whales in the last 24hrs üê≥

We've also go‚Ä¶";RT JUST IN $gOHM now on top 10 purchased tokens among 2000 biggest #ETH whales in the last 24hrs üê≥ We've also go‚Ä¶;Positive;0.5524964928627014
51;1523167191239061504;https://twitter.com/twitter/statuses/1523167191239061504;2022-05-08 05:05:32+00:00;WhaleStats;False;Whalechain;6;193272;4133;21;5;[{'text': 'ETH', 'indices': [77, 81]}];recent;[{'screen_name': 'OlympusDAO', 'name': 'OlympusDAO', 'id': 1353529215497469952, 'id_str': '1353529215497469952', 'indices': [15, 26]}];"JUST IN: $gOHM @OlympusDAO now on top 10 purchased tokens among 2000 biggest #ETH whales in the last 24hrs üê≥

We've‚Ä¶ https://t.co/p5Dby78T8x";JUST IN $gOHM now on top 10 purchased tokens among 2000 biggest #ETH whales in the last 24hrs üê≥ We've https://t.co/p5Dby78T8x;Positive;0.7653176784515381
52;1523162523649802240;https://twitter.com/twitter/statuses/1523162523649802240;2022-05-08 04:46:59+00:00;eighthmonth_;False;Maryland, USA;87;79;7759;0;4;[];recent;[{'screen_name': 'OlympusDAO', 'name': 'OlympusDAO', 'id': 1353529215497469952, 'id_str': '1353529215497469952', 'indices': [3, 14]}];"RT @OlympusDAO: 5/8
 
We also have over 40+ partnerships with platforms where $OHM can be used; these fall into two classes:
 
1. Protocols‚Ä¶";RT 5/8 We also have over 40 partnerships with platforms where $OHM can be used these fall into two classes: 1 Protocols‚Ä¶;Neutral;0.6573628187179565
53;1523162421262577665;https://twitter.com/twitter/statuses/1523162421262577665;2022-05-08 04:46:34+00:00;eighthmonth_;False;Maryland, USA;87;79;7759;0;1;[];recent;[{'screen_name': 'OlympusDAO', 'name': 'OlympusDAO', 'id': 1353529215497469952, 'id_str': '1353529215497469952', 'indices': [3, 14]}];"RT @OlympusDAO: 2/8
 
An asset can have reserve power &amp; liquidity without utility.
 
Think of gold: it's obviously valuable, and it can be‚Ä¶";RT 2/8 An asset can have reserve power &amp liquidity without utility. Think of gold it's obviously valuable and it can be‚Ä¶;Neutral;0.6348282098770142
54;1523162315520376832;https://twitter.com/twitter/statuses/1523162315520376832;2022-05-08 04:46:09+00:00;eighthmonth_;False;Maryland, USA;87;79;7759;0;5;[{'text': 'web3', 'indices': [45, 50]}];recent;[{'screen_name': 'OlympusDAO', 'name': 'OlympusDAO', 'id': 1353529215497469952, 'id_str': '1353529215497469952', 'indices': [3, 14]}];"RT @OlympusDAO: 8/8
 
We're working to build #web3's decentralized reserve currency, and we see endless opportunity for increasing utility!‚Ä¶";RT 8/8 We're working to build #web3's decentralized reserve currency and we see endless opportunity for increasing utility!‚Ä¶;Positive;0.9648976922035217
55;1523162059630071809;https://twitter.com/twitter/statuses/1523162059630071809;2022-05-08 04:45:08+00:00;eighthmonth_;False;Maryland, USA;87;79;7759;0;392;[];recent;[{'screen_name': 'OlympusDAO', 'name': 'OlympusDAO', 'id': 1353529215497469952, 'id_str': '1353529215497469952', 'indices': [3, 14]}];RT @OlympusDAO: The Olympus12 Action Plan is a blueprint for how we will build a strong ecosystem around $OHM, our decentralized reserve cu‚Ä¶;RT The Olympus12 Action Plan is a blueprint for how we will build a strong ecosystem around $OHM our decentralized reserve cu‚Ä¶;Positive;0.5806382894515991
56;1523135867027701763;https://twitter.com/twitter/statuses/1523135867027701763;2022-05-08 03:01:03+00:00;cryptovash;False;;673;411;71;1;0;[{'text': 'OHM', 'indices': [37, 41]}];recent;[{'screen_name': 'OlympusDAO', 'name': 'OlympusDAO', 'id': 1353529215497469952, 'id_str': '1353529215497469952', 'indices': [24, 35]}];"anon what if i told you @OlympusDAO (#OHM) hitting liquid backing was the pico bottom of the bear market

would you believe such a tale";anon what if i told you (#OHM hitting liquid backing was the pico bottom of the bear market would you believe such a tale;Negative;0.5299592018127441
57;1523121808735891456;https://twitter.com/twitter/statuses/1523121808735891456;2022-05-08 02:05:12+00:00;SolidityGithub;False;;0;582;23142;0;0;[];recent;[];"Name: OlympusDAO/test-utils
Description: Foundry test utils.

Last Commit: feat: errors.sol
Author: PARABRAHMAN0

S‚Ä¶ https://t.co/b4Lce8Y5lR";Name OlympusDAO/test-utils Description Foundry test utils. Last Commit feat errors.sol Author PARABRAHMAN0 S https://t.co/b4Lce8Y5lR;Neutral;0.8588517904281616
58;1523120560384798721;https://twitter.com/twitter/statuses/1523120560384798721;2022-05-08 02:00:14+00:00;SolidityGithub;False;;0;582;23142;0;0;[];recent;[];"Name: OlympusDAO/test-utils
Description: Foundry test utils.

Last Commit: feat: errors.sol
Author: PARABRAHMAN0

S‚Ä¶ https://t.co/87XFVA8bcT";Name OlympusDAO/test-utils Description Foundry test utils. Last Commit feat errors.sol Author PARABRAHMAN0 S https://t.co/87XFVA8bcT;Neutral;0.8601978421211243
59;1523094912820027393;https://twitter.com/twitter/statuses/1523094912820027393;2022-05-08 00:18:19+00:00;operationzoom;False;Earth;89;85;10710;2;0;[];recent;[{'screen_name': 'sayinshallah', 'name': 'jawz', 'id': 1350330558241529858, 'id_str': '1350330558241529858', 'indices': [0, 13]}, {'screen_name': 'OlympusDAO', 'name': 'OlympusDAO', 'id': 1353529215497469952, 'id_str': '1353529215497469952', 'indices': [14, 25]}];@sayinshallah @OlympusDAO This is one of those projects I check in on regularly to congratulate myself for selling‚Ä¶ https://t.co/LyOhufLtFL;This is one of those projects I check in on regularly to congratulate myself for selling https://t.co/LyOhufLtFL;Positive;0.9240479469299316
60;1523083506456285184;https://twitter.com/twitter/statuses/1523083506456285184;2022-05-07 23:33:00+00:00;peterhaymond;False;;789;1134;3386;1;0;[];recent;[{'screen_name': 'williamallen', 'name': 'williamallen.eth', 'id': 17762196, 'id_str': '17762196', 'indices': [0, 13]}, {'screen_name': 'terra_money', 'name': 'Terra (UST) üåç Powered by LUNA üåï', 'id': 1022028994772910086, 'id_str': '1022028994772910086', 'indices': [14, 26]}, {'screen_name': 'OlympusDAO', 'name': 'OlympusDAO', 'id': 1353529215497469952, 'id_str': '1353529215497469952', 'indices': [27, 38]}];@williamallen @terra_money @OlympusDAO There's some speculation (https://t.co/cArf4EoQ7j) but there's been bigger p‚Ä¶ https://t.co/c23WFH2blz;_money There's some speculation (https://t.co/cArf4EoQ7j but there's been bigger p https://t.co/c23WFH2blz;Neutral;0.8505416512489319
61;1523079793881018369;https://twitter.com/twitter/statuses/1523079793881018369;2022-05-07 23:18:14+00:00;Eman_Sulaeman93;False;Crypto World;950;343;17812;0;2;[{'text': 'FTM', 'indices': [72, 76]}];recent;[{'screen_name': 'WhaleStatsFTM', 'name': 'WhaleStats - the top 1000 Fantom richlist', 'id': 1435079049517228032, 'id_str': '1435079049517228032', 'indices': [3, 17]}, {'screen_name': 'FantomFDN', 'name': 'Fantom Foundation', 'id': 977020204071792641, 'id_str': '977020204071792641', 'indices': [114, 124]}];"RT @WhaleStatsFTM: üèÜ MOST USED smart contracts for the top 2000 biggest #FTM whales today

ü•á $FTM
ü•à $USDC
ü•â $WFTM @FantomFDN
4Ô∏è‚É£ $POWER @Po‚Ä¶";RT MOST USED smart contracts for the top 2000 biggest #FTM whales today $FTM $USDC $WFTM 4Ô∏è $POWER ‚Ä¶;Neutral;0.741545557975769
62;1523073612005007360;https://twitter.com/twitter/statuses/1523073612005007360;2022-05-07 22:53:41+00:00;perperonak;False;;1508;422;9309;0;45;[];recent;[{'screen_name': 'zapper_fi', 'name': 'Zapper ‚ö°Ô∏è', 'id': 1208076242366283776, 'id_str': '1208076242366283776', 'indices': [3, 13]}, {'screen_name': 'OlympusDAO', 'name': 'OlympusDAO', 'id': 1353529215497469952, 'id_str': '1353529215497469952', 'indices': [109, 120]}, {'screen_name': 'TokenReactor', 'name': '‚îª‚î≥ TOKEMAK', 'id': 1101283758097915904, 'id_str': '1101283758097915904', 'indices': [122, 135]}];"RT @zapper_fi: This weekend, 3 apps on Zapper were updated through community contributions ü¶æüíú‚ö°Ô∏è

Shoutout to @OlympusDAO, @TokenReactor, &amp;‚Ä¶";"RT _fi This weekend 3 apps on Zapper were updated through community contributions ü¶æüíú‚ö°Ô∏è Shoutout to &amp;‚Ä¶";Positive;0.9000445604324341
63;1523073459428810752;https://twitter.com/twitter/statuses/1523073459428810752;2022-05-07 22:53:04+00:00;williamallen;True;;638;4437;372;0;0;[];recent;[{'screen_name': 'peterhaymond', 'name': 'Peter Haymond', 'id': 313705022, 'id_str': '313705022', 'indices': [0, 13]}, {'screen_name': 'terra_money', 'name': 'Terra (UST) üåç Powered by LUNA üåï', 'id': 1022028994772910086, 'id_str': '1022028994772910086', 'indices': [14, 26]}, {'screen_name': 'OlympusDAO', 'name': 'OlympusDAO', 'id': 1353529215497469952, 'id_str': '1353529215497469952', 'indices': [27, 38]}];@peterhaymond @terra_money @OlympusDAO (I guess this will be tested ... today!?);_money (I guess this will be tested .. today!?);Neutral;0.9187762141227722
64;1523057968060674048;https://twitter.com/twitter/statuses/1523057968060674048;2022-05-07 21:51:31+00:00;TheCoinPope1;False;Free Crypto Knowledge Base üëâ ;22;466;443;0;0;[];recent;[{'screen_name': 'TaschaLabs', 'name': 'Tascha', 'id': 1078389030, 'id_str': '1078389030', 'indices': [0, 11]}, {'screen_name': 'OlympusDAO', 'name': 'OlympusDAO', 'id': 1353529215497469952, 'id_str': '1353529215497469952', 'indices': [12, 23]}, {'screen_name': 'dopex_io', 'name': 'dopex (üíé, üíé)', 'id': 1368508594530967555, 'id_str': '1368508594530967555', 'indices': [88, 97]}];"@TaschaLabs @OlympusDAO - pioneered the 3,3 meme that everyone and their mother copied.
@dopex_io polarizes well vi‚Ä¶ https://t.co/I8aXMN4eQX";pioneered the 3,3 meme that everyone and their mother copied. _io polarizes well vi https://t.co/I8aXMN4eQX;Neutral;0.7679054737091064
65;1523051257425932288;https://twitter.com/twitter/statuses/1523051257425932288;2022-05-07 21:24:51+00:00;Dibyend45872409;False;;724;66;745;0;3;[{'text': 'FTM', 'indices': [98, 102]}];recent;[{'screen_name': 'WhaleStatsFTM', 'name': 'WhaleStats - the top 1000 Fantom richlist', 'id': 1435079049517228032, 'id_str': '1435079049517228032', 'indices': [3, 17]}, {'screen_name': 'OlympusDAO', 'name': 'OlympusDAO', 'id': 1353529215497469952, 'id_str': '1353529215497469952', 'indices': [34, 45]}];"RT @WhaleStatsFTM: JUST IN: $gOHM @OlympusDAO one of the MOST USED smart contracts among top 2000 #FTM whales in the last 24hrsüê≥

We've als‚Ä¶";RT JUST IN $gOHM one of the MOST USED smart contracts among top 2000 #FTM whales in the last 24hrsüê≥ We've als‚Ä¶;Positive;0.6507555246353149
66;1523045290089058304;https://twitter.com/twitter/statuses/1523045290089058304;2022-05-07 21:01:08+00:00;DeFi_Knight_FTM;False;Clearwater, FL;2159;1568;16902;0;1;[{'text': 'Crypto', 'indices': [82, 89]}, {'text': 'DeFi', 'indices': [90, 95]}, {'text': 'Fantom', 'indices': [96, 103]}];recent;[{'screen_name': 'CrypttoValkyrie', 'name': '·êØÂçÇ„Ñ•“ú„ÑöÂ∞∫‰∏®‰πá \uf8ff', 'id': 1440705421354823683, 'id_str': '1440705421354823683', 'indices': [3, 19]}, {'screen_name': 'lafachief', 'name': '¬µ Lafa ¬µ', 'id': 795931623229419520, 'id_str': '795931623229419520', 'indices': [30, 40]}, {'screen_name': 'DeusDao', 'name': 'DEUS Finance DAO', 'id': 1307074447560634370, 'id_str': '1307074447560634370', 'indices': [41, 49]}, {'screen_name': 'OlympusDAO', 'name': 'OlympusDAO', 'id': 1353529215497469952, 'id_str': '1353529215497469952', 'indices': [50, 61]}];"RT @CrypttoValkyrie: My entry @lafachief
@DeusDao @OlympusDAO 

$DEUS $OHM
 $OHM

#Crypto #DeFi #Fantom https://t.co/5U5Bw1BHNh";RT My entry $DEUS $OHM $OHM #Crypto #DeFi #Fantom https://t.co/5U5Bw1BHNh;Neutral;0.7514771819114685
67;1523036545170939904;https://twitter.com/twitter/statuses/1523036545170939904;2022-05-07 20:26:23+00:00;MsEllyy17;False;;115;12;1196;0;4;[];recent;[{'screen_name': 'FantomHub', 'name': 'FantomHub', 'id': 1443255403505061891, 'id_str': '1443255403505061891', 'indices': [3, 13]}, {'screen_name': 'GtonCapital', 'name': 'GTON Capital | ‚öúÔ∏èùîæ‚ÑÇ', 'id': 1329679609944797184, 'id_str': '1329679609944797184', 'indices': [74, 86]}, {'screen_name': 'OlympusDAO', 'name': 'OlympusDAO', 'id': 1353529215497469952, 'id_str': '1353529215497469952', 'indices': [88, 99]}, {'screen_name': 'FantohmDAO', 'name': 'Fantohm', 'id': 1453806582798618627, 'id_str': '1453806582798618627', 'indices': [101, 112]}, {'screen_name': 'PolyWantsAFarm', 'name': 'üêÜ Snowcat DAO üêÜ (Snowcat.Dog)', 'id': 1411386853479964675, 'id_str': '1411386853479964675', 'indices': [117, 132]}];"RT @FantomHub: GOVERNANCE TOKEN COMPARISON ON FANTOM OPERA

Let's compare @GtonCapital, @OlympusDAO, @FantohmDAO and @PolyWantsAFarm #token‚Ä¶";RT GOVERNANCE TOKEN COMPARISON ON FANTOM OPERA Let's compare and #token‚Ä¶;Neutral;0.8709145784378052
68;1523035953325297664;https://twitter.com/twitter/statuses/1523035953325297664;2022-05-07 20:24:02+00:00;khelil;False;The Internets;1177;1170;2532;1;0;[];recent;[{'screen_name': 'TaschaLabs', 'name': 'Tascha', 'id': 1078389030, 'id_str': '1078389030', 'indices': [0, 11]}, {'screen_name': 'ConcaveFi', 'name': 'Concave (‚àû)', 'id': 1463358649187901444, 'id_str': '1463358649187901444', 'indices': [38, 48]}, {'screen_name': 'BabylonFinance', 'name': 'Babylon Finance', 'id': 1360704761956167681, 'id_str': '1360704761956167681', 'indices': [49, 64]}, {'screen_name': 'OlympusDAO', 'name': 'OlympusDAO', 'id': 1353529215497469952, 'id_str': '1353529215497469952', 'indices': [69, 80]}];@TaschaLabs You should have a look at @ConcaveFi @BabylonFinance and @OlympusDAO;You should have a look at and;Neutral;0.8385591506958008
69;1523032927247941632;https://twitter.com/twitter/statuses/1523032927247941632;2022-05-07 20:12:01+00:00;AxhDefi;False;;338;81;2372;0;0;[];recent;[{'screen_name': 'sayinshallah', 'name': 'jawz', 'id': 1350330558241529858, 'id_str': '1350330558241529858', 'indices': [0, 13]}, {'screen_name': 'OlympusDAO', 'name': 'OlympusDAO', 'id': 1353529215497469952, 'id_str': '1353529215497469952', 'indices': [14, 25]}];@sayinshallah @OlympusDAO What‚Äôs the play brother, buy ohm;What‚Äôs the play brother buy ohm;Neutral;0.8944222927093506
70;1523028569412505602;https://twitter.com/twitter/statuses/1523028569412505602;2022-05-07 19:54:42+00:00;XheponeHTR;False;United Kingdom;359;188;9197;0;55;[];recent;[{'screen_name': 'NileSwap', 'name': 'NileSwap', 'id': 1445085408556163080, 'id_str': '1445085408556163080', 'indices': [3, 12]}, {'screen_name': 'HexathorProject', 'name': 'Hexathor', 'id': 1483876812371464192, 'id_str': '1483876812371464192', 'indices': [92, 108]}];"RT @NileSwap: üî•Giveaway Time!

To celebrate their launch coming on the 7th May (14:00 UTC)

@HexathorProject is giving away one of their #N‚Ä¶";RT üî•Giveaway Time! To celebrate their launch coming on the 7th May (14:00 UTC) is giving away one of their #N‚Ä¶;Positive;0.8250638246536255
71;1523028467268399109;https://twitter.com/twitter/statuses/1523028467268399109;2022-05-07 19:54:17+00:00;Dibyend45872409;False;;724;66;745;0;2;[{'text': 'FTM', 'indices': [72, 76]}];recent;[{'screen_name': 'WhaleStatsFTM', 'name': 'WhaleStats - the top 1000 Fantom richlist', 'id': 1435079049517228032, 'id_str': '1435079049517228032', 'indices': [3, 17]}, {'screen_name': 'FantomFDN', 'name': 'Fantom Foundation', 'id': 977020204071792641, 'id_str': '977020204071792641', 'indices': [114, 124]}];"RT @WhaleStatsFTM: üèÜ MOST USED smart contracts for the top 2000 biggest #FTM whales today

ü•á $FTM
ü•à $USDC
ü•â $WFTM @FantomFDN
4Ô∏è‚É£ $POWER @Po‚Ä¶";RT MOST USED smart contracts for the top 2000 biggest #FTM whales today $FTM $USDC $WFTM 4Ô∏è $POWER ‚Ä¶;Neutral;0.741545557975769
72;1523027400954716162;https://twitter.com/twitter/statuses/1523027400954716162;2022-05-07 19:50:03+00:00;sts1956;False;;14;0;10;0;1;[];recent;[{'screen_name': 'DaveLevine0com', 'name': 'DaveLevine0com', 'id': 970022540851560448, 'id_str': '970022540851560448', 'indices': [3, 18]}];"RT @DaveLevine0com: Olympus Dao risk free treasury: 250 million 
Olympus total treasury: 360 Million
$OHM market cap: $310 million. 
@Olymp‚Ä¶";RT Olympus Dao risk free treasury 250 million Olympus total treasury 360 Million $OHM market cap $310 million ‚Ä¶;Neutral;0.8720622062683105
73;1523024004390424579;https://twitter.com/twitter/statuses/1523024004390424579;2022-05-07 19:36:33+00:00;jankelux;False;;427;81;944;0;0;[];recent;[{'screen_name': 'sayinshallah', 'name': 'jawz', 'id': 1350330558241529858, 'id_str': '1350330558241529858', 'indices': [0, 13]}, {'screen_name': 'OlympusDAO', 'name': 'OlympusDAO', 'id': 1353529215497469952, 'id_str': '1353529215497469952', 'indices': [14, 25]}];@sayinshallah @OlympusDAO Don‚Äôt fight with the treasury! IB are pure fire üëä;Don‚Äôt fight with the treasury IB are pure fire üëä;Positive;0.6577895879745483
74;1523022574225027072;https://twitter.com/twitter/statuses/1523022574225027072;2022-05-07 19:30:52+00:00;WhaleStatsFTM;False;Whalestats.eth;1;7324;819;5;2;[{'text': 'FTM', 'indices': [53, 57]}];recent;[{'screen_name': 'FantomFDN', 'name': 'Fantom Foundation', 'id': 977020204071792641, 'id_str': '977020204071792641', 'indices': [95, 105]}];"üèÜ MOST USED smart contracts for the top 2000 biggest #FTM whales today

ü•á $FTM
ü•à $USDC
ü•â $WFTM @FantomFDN
4Ô∏è‚É£‚Ä¶ https://t.co/FJzdxpCVLN";MOST USED smart contracts for the top 2000 biggest #FTM whales today $FTM $USDC $WFTM 4Ô∏è‚É£ https://t.co/FJzdxpCVLN;Neutral;0.6070379018783569
75;1523017823018438656;https://twitter.com/twitter/statuses/1523017823018438656;2022-05-07 19:11:59+00:00;S_Q_W_Genisyss;False;;148;99;488;0;6;[];recent;[{'screen_name': 'sayinshallah', 'name': 'jawz', 'id': 1350330558241529858, 'id_str': '1350330558241529858', 'indices': [3, 16]}, {'screen_name': 'OlympusDAO', 'name': 'OlympusDAO', 'id': 1353529215497469952, 'id_str': '1353529215497469952', 'indices': [25, 36]}];"RT @sayinshallah: üî•üî• üî• üî• @OlympusDAO have so far burnt 133,985 $OHM ($2,285,799.96) through inverse bonds

https://t.co/am7qgv6flX";RT üî• have so far burnt 133,985 $OHM ($2,285,799.96 through inverse bonds https://t.co/am7qgv6flX;Neutral;0.8275309801101685
76;1523017245131116549;https://twitter.com/twitter/statuses/1523017245131116549;2022-05-07 19:09:42+00:00;S_Q_W_Genisyss;False;;148;99;488;0;27;[];recent;[{'screen_name': 'OlympusDAO', 'name': 'OlympusDAO', 'id': 1353529215497469952, 'id_str': '1353529215497469952', 'indices': [3, 14]}, {'screen_name': 'ETHGlobal', 'name': 'ETHGlobal', 'id': 883476092832681984, 'id_str': '883476092832681984', 'indices': [111, 121]}];"RT @OlympusDAO: Ohmies - Want to hack the future of finance and win $300k+ in prizes? 

We have partnered with @ETHGlobal to support the #H‚Ä¶";RT Ohmies Want to hack the future of finance and win $300k in prizes We have partnered with to support the #H‚Ä¶;Positive;0.7036641836166382
77;1523016340692291587;https://twitter.com/twitter/statuses/1523016340692291587;2022-05-07 19:06:06+00:00;Nikola_963;False;;419;65;1089;0;0;[];recent;[{'screen_name': 'insiliconot', 'name': 'ùïÄùïüùï§ùïöùïùùïöùïîùï† üè¥\u200d‚ò†Ô∏èVery poor & Very stupidüá∑üá∏', 'id': 1368261032066621588, 'id_str': '1368261032066621588', 'indices': [0, 12]}, {'screen_name': 'OlympusDAO', 'name': 'OlympusDAO', 'id': 1353529215497469952, 'id_str': '1353529215497469952', 'indices': [28, 39]}];@insiliconot Can‚Äôt wait til @OlympusDAO becomes defi reserve and fuccs fed in the butt;Can‚Äôt wait til becomes defi reserve and fuccs fed in the butt;Negative;0.8074355125427246
78;1523008526775296000;https://twitter.com/twitter/statuses/1523008526775296000;2022-05-07 18:35:03+00:00;0xcimol_bigwin;False;;1675;215;17969;0;0;[];recent;[{'screen_name': 'Abachi_io', 'name': 'Abachi', 'id': 1451417232961982466, 'id_str': '1451417232961982466', 'indices': [0, 10]}, {'screen_name': 'OlympusDAO', 'name': 'OlympusDAO', 'id': 1353529215497469952, 'id_str': '1353529215497469952', 'indices': [11, 22]}];@Abachi_io @OlympusDAO great;_io great;Positive;0.8786363005638123
79;1523008514524069888;https://twitter.com/twitter/statuses/1523008514524069888;2022-05-07 18:35:00+00:00;0xcimol_bigwin;False;;1675;215;17969;0;78;[];recent;[{'screen_name': 'Abachi_io', 'name': 'Abachi', 'id': 1451417232961982466, 'id_str': '1451417232961982466', 'indices': [3, 13]}, {'screen_name': 'OlympusDAO', 'name': 'OlympusDAO', 'id': 1353529215497469952, 'id_str': '1353529215497469952', 'indices': [64, 75]}];"RT @Abachi_io: Proof of WhiteHat NFT. Awarded to abachi.eth via @OlympusDAO 

Looks rare.

https://t.co/AYQeaKq5F8";RT _io Proof of WhiteHat NFT Awarded to abachi.eth via Looks rare. https://t.co/AYQeaKq5F8;Neutral;0.7455719709396362
80;1523003458319953921;https://twitter.com/twitter/statuses/1523003458319953921;2022-05-07 18:14:55+00:00;DanMoonBoy;False;;41;1;24;0;0;[];recent;[{'screen_name': 'Virtual_Usd', 'name': 'Virtual USD', 'id': 1515666845629657098, 'id_str': '1515666845629657098', 'indices': [0, 12]}, {'screen_name': 'PotionNodes', 'name': 'Potions', 'id': 1493341433461358595, 'id_str': '1493341433461358595', 'indices': [13, 25]}, {'screen_name': 'VendMachineNFT', 'name': 'Vending Machines NFT üî∫', 'id': 1457391968326148097, 'id_str': '1457391968326148097', 'indices': [26, 41]}, {'screen_name': 'hiveinvestments', 'name': 'hive investments', 'id': 1470531576672899073, 'id_str': '1470531576672899073', 'indices': [42, 58]}, {'screen_name': '1SpartanCapital', 'name': 'Spartan Capital', 'id': 1486076854318546946, 'id_str': '1486076854318546946', 'indices': [59, 75]}, {'screen_name': 'ProjectEuropa_', 'name': 'ProjectEuropa.RED', 'id': 1467594807740620807, 'id_str': '1467594807740620807', 'indices': [76, 91]}, {'screen_name': 'onlyupc', 'name': 'onlyup.capital', 'id': 964763624349691904, 'id_str': '964763624349691904', 'indices': [92, 100]}, {'screen_name': 'OlympusDAO', 'name': 'OlympusDAO', 'id': 1353529215497469952, 'id_str': '1353529215497469952', 'indices': [101, 112]}];@Virtual_Usd @PotionNodes @VendMachineNFT @hiveinvestments @1SpartanCapital @ProjectEuropa_ @onlyupc @OlympusDAO‚Ä¶ https://t.co/NGZtKq16Ye;_Usd https://t.co/NGZtKq16Ye;Neutral;0.8447172045707703
81;1523003287485566976;https://twitter.com/twitter/statuses/1523003287485566976;2022-05-07 18:14:14+00:00;williamallen;True;;638;4437;372;1;0;[];recent;[{'screen_name': 'peterhaymond', 'name': 'Peter Haymond', 'id': 313705022, 'id_str': '313705022', 'indices': [0, 13]}, {'screen_name': 'terra_money', 'name': 'Terra (UST) üåç Powered by LUNA üåï', 'id': 1022028994772910086, 'id_str': '1022028994772910086', 'indices': [14, 26]}, {'screen_name': 'OlympusDAO', 'name': 'OlympusDAO', 'id': 1353529215497469952, 'id_str': '1353529215497469952', 'indices': [27, 38]}];@peterhaymond @terra_money @OlympusDAO I think that‚Äôs exactly right. Though I did purchase some ‚Äòinsurance‚Äô so‚Ä¶ we‚Äô‚Ä¶ https://t.co/sTz9KHbm5F;_money I think that‚Äôs exactly right Though I did purchase some ‚Äòinsurance so we‚Äô https://t.co/sTz9KHbm5F;Neutral;0.6132954359054565
82;1523001649060466688;https://twitter.com/twitter/statuses/1523001649060466688;2022-05-07 18:07:43+00:00;EnkhnaranPurev1;False;;116;6;89;0;0;[];recent;[{'screen_name': 'OlympusDAO', 'name': 'OlympusDAO', 'id': 1353529215497469952, 'id_str': '1353529215497469952', 'indices': [0, 11]}];@OlympusDAO there is a big scam going on. report this!!! https://t.co/aVQZ9oowHO;there is a big scam going on report this!! https://t.co/aVQZ9oowHO;Negative;0.9090255498886108
83;1522999601036361735;https://twitter.com/twitter/statuses/1522999601036361735;2022-05-07 17:59:35+00:00;jieunicityx_;False;Bandar Lampung, Lampung;1448;558;7383;0;0;[];recent;[{'screen_name': 'Abachi_io', 'name': 'Abachi', 'id': 1451417232961982466, 'id_str': '1451417232961982466', 'indices': [0, 10]}, {'screen_name': 'OlympusDAO', 'name': 'OlympusDAO', 'id': 1353529215497469952, 'id_str': '1353529215497469952', 'indices': [11, 22]}];@Abachi_io @OlympusDAO Amazingüî•;_io Amazingüî•;Positive;0.9622529149055481
84;1522999578999463936;https://twitter.com/twitter/statuses/1522999578999463936;2022-05-07 17:59:30+00:00;jieunicityx_;False;Bandar Lampung, Lampung;1448;558;7383;0;78;[];recent;[{'screen_name': 'Abachi_io', 'name': 'Abachi', 'id': 1451417232961982466, 'id_str': '1451417232961982466', 'indices': [3, 13]}, {'screen_name': 'OlympusDAO', 'name': 'OlympusDAO', 'id': 1353529215497469952, 'id_str': '1353529215497469952', 'indices': [64, 75]}];"RT @Abachi_io: Proof of WhiteHat NFT. Awarded to abachi.eth via @OlympusDAO 

Looks rare.

https://t.co/AYQeaKq5F8";RT _io Proof of WhiteHat NFT Awarded to abachi.eth via Looks rare. https://t.co/AYQeaKq5F8;Neutral;0.7455719709396362
85;1522997988360077312;https://twitter.com/twitter/statuses/1522997988360077312;2022-05-07 17:53:11+00:00;JuliusOptimus;False;United States;512;72;535;1;0;[];recent;[{'screen_name': 'sayinshallah', 'name': 'jawz', 'id': 1350330558241529858, 'id_str': '1350330558241529858', 'indices': [0, 13]}, {'screen_name': 'OlympusDAO', 'name': 'OlympusDAO', 'id': 1353529215497469952, 'id_str': '1353529215497469952', 'indices': [14, 25]}];@sayinshallah @OlympusDAO And price still collapsing. An additional fix mechanism needed?;And price still collapsing An additional fix mechanism needed?;Negative;0.668780505657196
86;1522994865231241216;https://twitter.com/twitter/statuses/1522994865231241216;2022-05-07 17:40:46+00:00;adhika_satria;False;;90;13;237;0;1;[];recent;[{'screen_name': 'adhika_satria', 'name': 'Dhikk', 'id': 3714591252, 'id_str': '3714591252', 'indices': [3, 17]}, {'screen_name': 'lafachief', 'name': '¬µ Lafa ¬µ', 'id': 795931623229419520, 'id_str': '795931623229419520', 'indices': [19, 29]}, {'screen_name': 'lafachief', 'name': '¬µ Lafa ¬µ', 'id': 795931623229419520, 'id_str': '795931623229419520', 'indices': [109, 119]}];"RT @adhika_satria: @lafachief My original meme entry, I've worked hard at making it and I hope you like it ü•∞ @lafachief
Thank you for the o‚Ä¶";RT _satria My original meme entry I've worked hard at making it and I hope you like it Thank you for the o‚Ä¶;Positive;0.9670698046684265
87;1522994853608632320;https://twitter.com/twitter/statuses/1522994853608632320;2022-05-07 17:40:43+00:00;NeoWealthLabs;False;Made by Humans on Earth.;212;183;556;1;1;[];recent;[{'screen_name': 'TaschaLabs', 'name': 'Tascha', 'id': 1078389030, 'id_str': '1078389030', 'indices': [0, 11]}, {'screen_name': 'OlympusDAO', 'name': 'OlympusDAO', 'id': 1353529215497469952, 'id_str': '1353529215497469952', 'indices': [75, 86]}];@TaschaLabs There was the Rebase Model community that had a crazy run with @OlympusDAO and of course the People Max‚Ä¶ https://t.co/uclfEJYfJZ;There was the Rebase Model community that had a crazy run with and of course the People Max https://t.co/uclfEJYfJZ;Neutral;0.5490885972976685
88;1522994563610148864;https://twitter.com/twitter/statuses/1522994563610148864;2022-05-07 17:39:34+00:00;adhika_satria;False;;90;13;237;3;1;[];recent;[{'screen_name': 'lafachief', 'name': '¬µ Lafa ¬µ', 'id': 795931623229419520, 'id_str': '795931623229419520', 'indices': [0, 10]}, {'screen_name': 'lafachief', 'name': '¬µ Lafa ¬µ', 'id': 795931623229419520, 'id_str': '795931623229419520', 'indices': [90, 100]}];"@lafachief My original meme entry, I've worked hard at making it and I hope you like it ü•∞ @lafachief
Thank you for‚Ä¶ https://t.co/mxoM7YonNj";My original meme entry I've worked hard at making it and I hope you like it Thank you for https://t.co/mxoM7YonNj;Positive;0.9737561345100403
89;1522994009547100161;https://twitter.com/twitter/statuses/1522994009547100161;2022-05-07 17:37:22+00:00;garambogor;False;yeopposseo got sus;1283;180;5266;0;0;[];recent;[{'screen_name': 'Abachi_io', 'name': 'Abachi', 'id': 1451417232961982466, 'id_str': '1451417232961982466', 'indices': [0, 10]}, {'screen_name': 'OlympusDAO', 'name': 'OlympusDAO', 'id': 1353529215497469952, 'id_str': '1353529215497469952', 'indices': [11, 22]}];@Abachi_io @OlympusDAO Amazing;_io Amazing;Positive;0.9233032464981079
90;1522993586094342145;https://twitter.com/twitter/statuses/1522993586094342145;2022-05-07 17:35:41+00:00;deefyfinance;False;;74;134;362;2;1;[];recent;[];"Interesting to compare 
terra money
 (pegged to USD, backed by luna &amp; btc) w/ OlympusDAO
 (backed by a basket, free‚Ä¶ https://t.co/VtgFaoTTuX";Interesting to compare terra money (pegged to USD backed by luna &amp btc w OlympusDAO (backed by a basket free https://t.co/VtgFaoTTuX;Neutral;0.7290863394737244
91;1522993276852183040;https://twitter.com/twitter/statuses/1522993276852183040;2022-05-07 17:34:27+00:00;yoongijemen;False;kamu;2975;192;22903;0;0;[];recent;[{'screen_name': 'Abachi_io', 'name': 'Abachi', 'id': 1451417232961982466, 'id_str': '1451417232961982466', 'indices': [0, 10]}, {'screen_name': 'OlympusDAO', 'name': 'OlympusDAO', 'id': 1353529215497469952, 'id_str': '1353529215497469952', 'indices': [11, 22]}];@Abachi_io @OlympusDAO Your nft so cool;_io Your nft so cool;Positive;0.9658850431442261
92;1522992293678096384;https://twitter.com/twitter/statuses/1522992293678096384;2022-05-07 17:30:33+00:00;ibrahim03685826;False;;37;55;252;0;0;[];recent;[{'screen_name': 'ChainStrategy', 'name': 'Mantis Capital', 'id': 1354841421367402498, 'id_str': '1354841421367402498', 'indices': [0, 14]}];"@ChainStrategy Do you know that FloorDAO uses the bond &amp; rebase mechanisms pioneered by OlympusDAO to accumulate pr‚Ä¶ https://t.co/A2p7bQsqZv";Do you know that FloorDAO uses the bond &amp rebase mechanisms pioneered by OlympusDAO to accumulate pr https://t.co/A2p7bQsqZv;Neutral;0.9062846899032593
93;1522991074314182658;https://twitter.com/twitter/statuses/1522991074314182658;2022-05-07 17:25:42+00:00;Powernodes_;False;FTM;46;26245;985;0;3;[{'text': 'FTM', 'indices': [98, 102]}];recent;[{'screen_name': 'WhaleStatsFTM', 'name': 'WhaleStats - the top 1000 Fantom richlist', 'id': 1435079049517228032, 'id_str': '1435079049517228032', 'indices': [3, 17]}, {'screen_name': 'OlympusDAO', 'name': 'OlympusDAO', 'id': 1353529215497469952, 'id_str': '1353529215497469952', 'indices': [34, 45]}];"RT @WhaleStatsFTM: JUST IN: $gOHM @OlympusDAO one of the MOST USED smart contracts among top 2000 #FTM whales in the last 24hrsüê≥

We've als‚Ä¶";RT JUST IN $gOHM one of the MOST USED smart contracts among top 2000 #FTM whales in the last 24hrsüê≥ We've als‚Ä¶;Positive;0.6507555246353149
94;1522987393573400583;https://twitter.com/twitter/statuses/1522987393573400583;2022-05-07 17:11:05+00:00;omg_its_pepe;False;;178;105;100;2;0;[];recent;[{'screen_name': 'ginfinance_', 'name': 'Gin Finance - Boba Network DEX', 'id': 1452686970979713030, 'id_str': '1452686970979713030', 'indices': [0, 12]}, {'screen_name': 'OolongSwap', 'name': 'OolongSwap #L222', 'id': 1439891588109373441, 'id_str': '1439891588109373441', 'indices': [71, 82]}];"@ginfinance_  teased the launch of their dex and farming opportunities
@OolongSwap hinted at vote escrow tokenomics‚Ä¶ https://t.co/3yLwEUSgh2";teased the launch of their dex and farming opportunities hinted at vote escrow tokenomics https://t.co/3yLwEUSgh2;Neutral;0.8898007273674011
95;1522987264694915073;https://twitter.com/twitter/statuses/1522987264694915073;2022-05-07 17:10:34+00:00;peterhaymond;False;;789;1134;3386;1;0;[];recent;[{'screen_name': 'williamallen', 'name': 'williamallen.eth', 'id': 17762196, 'id_str': '17762196', 'indices': [0, 13]}, {'screen_name': 'terra_money', 'name': 'Terra (UST) üåç Powered by LUNA üåï', 'id': 1022028994772910086, 'id_str': '1022028994772910086', 'indices': [14, 26]}, {'screen_name': 'OlympusDAO', 'name': 'OlympusDAO', 'id': 1353529215497469952, 'id_str': '1353529215497469952', 'indices': [27, 38]}];@williamallen @terra_money @OlympusDAO Maybe but UST hasn't seen a March 2020 volatility event yet (ie. crypto majo‚Ä¶ https://t.co/anuvyES7Zb;_money Maybe but UST hasn't seen a March 2020 volatility event yet (ie crypto majo https://t.co/anuvyES7Zb;Neutral;0.8769279718399048
96;1522984431220371458;https://twitter.com/twitter/statuses/1522984431220371458;2022-05-07 16:59:18+00:00;samehueasyou;False;New York, NY;3506;499;15385;0;1;[];recent;[{'screen_name': 'LucaProsperi', 'name': 'Luca Prosperi', 'id': 342789012, 'id_str': '342789012', 'indices': [3, 16]}, {'screen_name': 'ohmzeus', 'name': 'Zeus Œ© |3, 3|', 'id': 1335984626230321154, 'id_str': '1335984626230321154', 'indices': [102, 110]}, {'screen_name': 'OlympusDAO', 'name': 'OlympusDAO', 'id': 1353529215497469952, 'id_str': '1353529215497469952', 'indices': [114, 125]}];"RT @LucaProsperi: 5/ Internal Bonds -&gt; $DAI can be bonded at 1-5y fixed expirations (learning from @ohmzeus at @OlympusDAO) for a fixed lin‚Ä¶";RT 5 Internal Bonds -&gt $DAI can be bonded at 1-5y fixed expirations (learning from at for a fixed lin‚Ä¶;Neutral;0.9235835075378418
97;1522983385253167104;https://twitter.com/twitter/statuses/1522983385253167104;2022-05-07 16:55:09+00:00;saleswallet;False;New Orleans, LA;1156;1714;4183;1;1;[{'text': 'OHM', 'indices': [71, 75]}];recent;[{'screen_name': 'OlympusDAO', 'name': 'OlympusDAO', 'id': 1353529215497469952, 'id_str': '1353529215497469952', 'indices': [10, 21]}];"Attention @OlympusDAO

Fake account, don't connect your Wallets.

$OHM #OHM https://t.co/2Ppe7s7LQq";Attention Fake account don't connect your Wallets. $OHM #OHM https://t.co/2Ppe7s7LQq;Negative;0.7781455516815186
98;1522983264566353921;https://twitter.com/twitter/statuses/1522983264566353921;2022-05-07 16:54:40+00:00;nelsoncryptoman;False;Bogot√°, D.C., Colombia;218;2962;7920;0;6;[];recent;[{'screen_name': 'sayinshallah', 'name': 'jawz', 'id': 1350330558241529858, 'id_str': '1350330558241529858', 'indices': [3, 16]}, {'screen_name': 'OlympusDAO', 'name': 'OlympusDAO', 'id': 1353529215497469952, 'id_str': '1353529215497469952', 'indices': [25, 36]}];"RT @sayinshallah: üî•üî• üî• üî• @OlympusDAO have so far burnt 133,985 $OHM ($2,285,799.96) through inverse bonds

https://t.co/am7qgv6flX";RT üî• have so far burnt 133,985 $OHM ($2,285,799.96 through inverse bonds https://t.co/am7qgv6flX;Neutral;0.8275309801101685
99;1522981813152776192;https://twitter.com/twitter/statuses/1522981813152776192;2022-05-07 16:48:54+00:00;BarryRe23840438;False;;32;6;3;0;1;[];recent;[{'screen_name': 'marsterlund', 'name': 'Markus Osterlund / üë¶üèªüë¶üèª.eth', 'id': 800139423270596609, 'id_str': '800139423270596609', 'indices': [3, 15]}, {'screen_name': 'OlimpioCrypto', 'name': 'olimpio ‚ö°Ô∏è', 'id': 1451989485890248705, 'id_str': '1451989485890248705', 'indices': [17, 31]}, {'screen_name': 'AaveAave', 'name': 'Aave', 'id': 867100084248469505, 'id_str': '867100084248469505', 'indices': [32, 41]}, {'screen_name': 'Uniswap', 'name': 'Uniswap Labs ü¶Ñ', 'id': 984188226826010624, 'id_str': '984188226826010624', 'indices': [42, 50]}, {'screen_name': 'SushiSwap', 'name': 'SushiSwap', 'id': 1303577160234328066, 'id_str': '1303577160234328066', 'indices': [51, 61]}, {'screen_name': 'compoundfinance', 'name': 'Compound Labs', 'id': 292132128, 'id_str': '292132128', 'indices': [62, 78]}, {'screen_name': 'CurveFinance', 'name': 'Curve Finance', 'id': 1214050967986946051, 'id_str': '1214050967986946051', 'indices': [79, 92]}, {'screen_name': 'opensea', 'name': 'OpenSea', 'id': 946213559213555712, 'id_str': '946213559213555712', 'indices': [93, 101]}, {'screen_name': 'gnosisSafe', 'name': 'Gnosis Safe ( ü¶∏\u200d‚ôÄÔ∏èüî∞_üî∞ü¶∏)', 'id': 999561100277571584, 'id_str': '999561100277571584', 'indices': [102, 113]}, {'screen_name': 'ensdomains', 'name': 'ens.eth', 'id': 996321865311358976, 'id_str': '996321865311358976', 'indices': [114, 125]}, {'screen_name': 'MakerDAO', 'name': 'Maker', 'id': 3190865591, 'id_str': '3190865591', 'indices': [126, 135]}];RT @marsterlund: @OlimpioCrypto @AaveAave @Uniswap @SushiSwap @compoundfinance @CurveFinance @opensea @gnosisSafe @ensdomains @MakerDAO @pe‚Ä¶;RT ‚Ä¶;Neutral;0.8096628189086914
