;id;url;created_at;username;verified;location;following;followers;total_tweets;favorite_count;retweet_count;hashtags;tweet_type;mentions;raw_text;text;sentiment_dict;sentiment_roberta;score_roberta;date
877;1521165577003405313;https://twitter.com/twitter/statuses/1521165577003405313;2022-05-02 16:31:50+00:00;0xChiRho;False;;311;425;2179;8;2;[];recent;[];"Last month $OLO was trading around 0.4c, and ran up to 1.2c+ after the incentives announcement for April. 

We're b‚Ä¶ https://t.co/42wcwMSgaf";Last month $OLO was trading around 0.4c and ran up to 1.2c after the incentives announcement for April We're b https://t.co/42wcwMSgaf;[{'label': 'Neutral', 'score': 0.8031790256500244}];Neutral;0.8031790256500244;2022-05-02
898;1521112281253302273;https://twitter.com/twitter/statuses/1521112281253302273;2022-05-02 13:00:03+00:00;GodsOfOHMNFT;False;Olympus;130;169;265;16;2;[];recent;[{'screen_name': 'OlympusDAO', 'name': 'OlympusDAO', 'id': 1353529215497469952, 'id_str': '1353529215497469952', 'indices': [65, 76]}, {'screen_name': 'JeffExtor', 'name': 'JeffX (3, 3)', 'id': 2957819986, 'id_str': '2957819986', 'indices': [92, 102]}];"We are happy to present our first (1/6) custom NFTs based on the @OlympusDAO OGs, featuring @JeffExtor 

Pieces wil‚Ä¶ https://t.co/G6kRqU2cY9";We are happy to present our first (1/6 custom NFTs based on the OGs featuring Pieces wil https://t.co/G6kRqU2cY9;[{'label': 'Positive', 'score': 0.9478964805603027}];Positive;0.9478964805603027;2022-05-02
849;1521233323879632896;https://twitter.com/twitter/statuses/1521233323879632896;2022-05-02 21:01:02+00:00;Spirit_Swap;False;FantomOpera;391;100065;3047;7;0;[];recent;[];"3/

Links:

Debank:
https://t.co/ZKXOVaIY9p

Strudel Discord:
https://t.co/uu8Iufkfyk

Submission forms:‚Ä¶ https://t.co/YgIWWWI4nZ";3/ Links: Debank: https://t.co/ZKXOVaIY9p Strudel Discord: https://t.co/uu8Iufkfyk Submission forms: https://t.co/YgIWWWI4nZ;[{'label': 'Neutral', 'score': 0.8737937808036804}];Neutral;0.8737937808036804;2022-05-02
861;1521197173219770368;https://twitter.com/twitter/statuses/1521197173219770368;2022-05-02 18:37:23+00:00;OlympusDAO;False;(3, 3);1;153864;1320;183;30;[];recent;[];"Olympus ü§ù Boba

Keep an eye out Ohmies, we are planning something exciting for this expansion üçµ https://t.co/X2EpFMIwB6";Olympus Boba Keep an eye out Ohmies we are planning something exciting for this expansion https://t.co/X2EpFMIwB6;[{'label': 'Positive', 'score': 0.9462645649909973}];Positive;0.9462645649909973;2022-05-02
944;1520990395349573632;https://twitter.com/twitter/statuses/1520990395349573632;2022-05-02 04:55:43+00:00;BobaCommunity;False;;242;3093;614;13;2;[];recent;[{'screen_name': 'OlympusDAO', 'name': 'OlympusDAO', 'id': 1353529215497469952, 'id_str': '1353529215497469952', 'indices': [8, 19]}];Welcome @OlympusDAO üéâ https://t.co/8EGn6Ccugl;Welcome https://t.co/8EGn6Ccugl;[{'label': 'Positive', 'score': 0.6970052123069763}];Positive;0.6970052123069763;2022-05-02
976;1520925789058859009;https://twitter.com/twitter/statuses/1520925789058859009;2022-05-02 00:39:00+00:00;bobanetwork;False;Layer 2;3281;359673;2722;170;53;[];recent;[{'screen_name': 'OlympusDAO', 'name': 'OlympusDAO', 'id': 1353529215497469952, 'id_str': '1353529215497469952', 'indices': [24, 35]}];"We're happy to announce @OlympusDAO joining the Boba Ecosystem! 

Olympus is building OHM, a community-owned, decen‚Ä¶ https://t.co/1PZJiipqfq";We're happy to announce joining the Boba Ecosystem Olympus is building OHM a community-owned decen https://t.co/1PZJiipqfq;[{'label': 'Positive', 'score': 0.9715735912322998}];Positive;0.9715735912322998;2022-05-02
965;1520942258140303361;https://twitter.com/twitter/statuses/1520942258140303361;2022-05-02 01:44:26+00:00;brodidyoucallus;False;;6;176;859;7;0;[];recent;[{'screen_name': 'TheNurseGreg', 'name': 'thenursegreg', 'id': 776420477182935040, 'id_str': '776420477182935040', 'indices': [0, 13]}, {'screen_name': 'bobanetwork', 'name': 'Boba Network ($BOBA)', 'id': 831847934534746114, 'id_str': '831847934534746114', 'indices': [14, 26]}, {'screen_name': 'OlympusDAO', 'name': 'OlympusDAO', 'id': 1353529215497469952, 'id_str': '1353529215497469952', 'indices': [27, 38]}, {'screen_name': 'OlympusDAO', 'name': 'OlympusDAO', 'id': 1353529215497469952, 'id_str': '1353529215497469952', 'indices': [84, 95]}];@TheNurseGreg @bobanetwork @OlympusDAO damn it i was wrong.. it's not chainlink but @OlympusDAO is huge too!;damn it i was wrong. it's not chainlink but is huge too!;[{'label': 'Negative', 'score': 0.6313914656639099}];Negative;0.6313914656639099;2022-05-02
921;1521066970065432576;https://twitter.com/twitter/statuses/1521066970065432576;2022-05-02 10:00:00+00:00;DeusDao;False;web3;201;15507;1062;39;6;[];recent;[{'screen_name': 'OlympusDAO', 'name': 'OlympusDAO', 'id': 1353529215497469952, 'id_str': '1353529215497469952', 'indices': [20, 31]}];"The recent AMA with @OlympusDAO is now available on our Youtube üì∫

Find out everything you need to know about the D‚Ä¶ https://t.co/uKKekSxGff";The recent AMA with is now available on our Youtube üì∫ Find out everything you need to know about the D https://t.co/uKKekSxGff;[{'label': 'Neutral', 'score': 0.7551437616348267}];Neutral;0.7551437616348267;2022-05-02
938;1521007716113821696;https://twitter.com/twitter/statuses/1521007716113821696;2022-05-02 06:04:33+00:00;ETH_Daily;False;;119;12891;1772;53;7;[{'text': 'L222', 'indices': [99, 104]}];recent;[{'screen_name': 'OlympusDAO', 'name': 'OlympusDAO', 'id': 1353529215497469952, 'id_str': '1353529215497469952', 'indices': [2, 13]}, {'screen_name': 'bobanetwork', 'name': 'Boba Network is going to Permissionless', 'id': 831847934534746114, 'id_str': '831847934534746114', 'indices': [75, 87]}];"‚ú® @OlympusDAO $OHM, the decentralized reserve currency of DeFi, has joined @bobanetwork ecosystem

#L222 https://t.co/XoaFwVyIuV";$OHM the decentralized reserve currency of DeFi has joined ecosystem #L222 https://t.co/XoaFwVyIuV;[{'label': 'Positive', 'score': 0.5035841464996338}];Positive;0.5035841464996338;2022-05-02
771;1521593357776179204;https://twitter.com/twitter/statuses/1521593357776179204;2022-05-03 20:51:40+00:00;SandclockOrg;False;https://discord.gg/TMtbPQvWJV;31;14570;1440;73;8;[];recent;[{'screen_name': 'OlympusDAO', 'name': 'OlympusDAO', 'id': 1353529215497469952, 'id_str': '1353529215497469952', 'indices': [19, 30]}];Just topped up our @OlympusDAO Pro bonds! Go go go.;Just topped up our Pro bonds Go go go.;[{'label': 'Positive', 'score': 0.7611426115036011}];Positive;0.7611426115036011;2022-05-03
752;1521627430867374082;https://twitter.com/twitter/statuses/1521627430867374082;2022-05-03 23:07:04+00:00;ETHGlobal;False;Decentralized;1291;35792;5819;20;4;[{'text': 'HackMoney', 'indices': [62, 72]}];recent;[{'screen_name': 'OlympusDAO', 'name': 'OlympusDAO', 'id': 1353529215497469952, 'id_str': '1353529215497469952', 'indices': [24, 35]}];"Time to celebrate... ü•≥

@OlympusDAO has partnered with us for #HackMoney‚Äîour bigger DeFi event of the year!

Check‚Ä¶ https://t.co/76iZX0i42M";Time to celebrate.. ü•≥ has partnered with us for #HackMoney‚Äîour bigger DeFi event of the year! Check https://t.co/76iZX0i42M;[{'label': 'Positive', 'score': 0.9825572371482849}];Positive;0.9825572371482849;2022-05-03
758;1521624956668370944;https://twitter.com/twitter/statuses/1521624956668370944;2022-05-03 22:57:14+00:00;OlympusDAO;False;(3, 3);1;153864;1320;110;27;[];recent;[{'screen_name': 'ETHGlobal', 'name': 'ETHGlobal', 'id': 883476092832681984, 'id_str': '883476092832681984', 'indices': [95, 105]}];"Ohmies - Want to hack the future of finance and win $300k+ in prizes? 

We have partnered with @ETHGlobal to suppor‚Ä¶ https://t.co/gzuVC7jlW7";Ohmies Want to hack the future of finance and win $300k in prizes We have partnered with to suppor https://t.co/gzuVC7jlW7;[{'label': 'Positive', 'score': 0.7512852549552917}];Positive;0.7512852549552917;2022-05-03
790;1521521218993721346;https://twitter.com/twitter/statuses/1521521218993721346;2022-05-03 16:05:01+00:00;OolongSwap;False;;72;7410;1528;58;19;[{'text': 'MulteaFarm', 'indices': [36, 47]}];recent;[{'screen_name': 'OlympusDAO', 'name': 'OlympusDAO', 'id': 1353529215497469952, 'id_str': '1353529215497469952', 'indices': [69, 80]}];"We are so excited to announce a new #MulteaFarm with none other than @OlympusDAO üî•üî•üî•üî•üéâ (+ üßµ below)

https://t.co/SM0dahiiLD";We are so excited to announce a new #MulteaFarm with none other than üî•üî•üî•üî• ( below) https://t.co/SM0dahiiLD;[{'label': 'Positive', 'score': 0.9898498058319092}];Positive;0.9898498058319092;2022-05-03
723;1521734098641104896;https://twitter.com/twitter/statuses/1521734098641104896;2022-05-04 06:10:56+00:00;Dave_GMI;False;;654;703;1119;62;4;[];recent;[{'screen_name': 'iBuyFUD', 'name': '9,5', 'id': 1367897583226679302, 'id_str': '1367897583226679302', 'indices': [99, 107]}];"To ohmies, what do you think of the current bleeding of $OHM?

https://t.co/ksTK1KbY8m

Written by @iBuyFUD , and I‚Ä¶ https://t.co/1MXFKtDJ8h";To ohmies what do you think of the current bleeding of $OHM? https://t.co/ksTK1KbY8m Written by and I https://t.co/1MXFKtDJ8h;[{'label': 'Neutral', 'score': 0.8662886023521423}];Neutral;0.8662886023521423;2022-05-04
679;1521849180712542209;https://twitter.com/twitter/statuses/1521849180712542209;2022-05-04 13:48:13+00:00;GodsOfOHMNFT;False;Olympus;130;169;265;24;8;[];recent;[];"GUESS THE GOD ‚ö°Ô∏è‚ö°Ô∏è‚ö°Ô∏è

Clue: This God will provide all Ohmies with Alfa on any upcoming pump.

See if you're right t‚Ä¶ https://t.co/3lIco5Wzk7";GUESS THE GOD ‚ö°Ô∏è‚ö°Ô∏è‚ö°Ô∏è Clue This God will provide all Ohmies with Alfa on any upcoming pump. See if you're right t https://t.co/3lIco5Wzk7;[{'label': 'Positive', 'score': 0.7343650460243225}];Positive;0.7343650460243225;2022-05-04
709;1521786910384918528;https://twitter.com/twitter/statuses/1521786910384918528;2022-05-04 09:40:47+00:00;BaliukIhor;False;Sydney, New South Wales;136;48;1098;7;0;[];recent;[{'screen_name': 'OlympusDAO', 'name': 'OlympusDAO', 'id': 1353529215497469952, 'id_str': '1353529215497469952', 'indices': [0, 11]}, {'screen_name': 'ETHGlobal', 'name': 'ETHGlobal', 'id': 883476092832681984, 'id_str': '883476092832681984', 'indices': [12, 22]}];@OlympusDAO @ETHGlobal just do a refund and gg, I will forget about this nightmare garbage;just do a refund and gg I will forget about this nightmare garbage;[{'label': 'Negative', 'score': 0.8943066596984863}];Negative;0.8943066596984863;2022-05-04
699;1521804312057638912;https://twitter.com/twitter/statuses/1521804312057638912;2022-05-04 10:49:56+00:00;dafearless3;False;Youtube;2286;1190;7382;362;59;[];recent;[{'screen_name': 'lafachief', 'name': '¬µ Lafa ¬µ', 'id': 795931623229419520, 'id_str': '795931623229419520', 'indices': [0, 10]}, {'screen_name': 'DeusDao', 'name': 'DEUS Finance DAO', 'id': 1307074447560634370, 'id_str': '1307074447560634370', 'indices': [26, 34]}, {'screen_name': 'OlympusDAO', 'name': 'OlympusDAO', 'id': 1353529215497469952, 'id_str': '1353529215497469952', 'indices': [35, 46]}];"@lafachief my meme video 
@DeusDao @OlympusDAO 

$DEUS $OHM https://t.co/vuCCdjYrBN";my meme video $DEUS $OHM https://t.co/vuCCdjYrBN;[{'label': 'Neutral', 'score': 0.7113673090934753}];Neutral;0.7113673090934753;2022-05-04
501;1522211507051720704;https://twitter.com/twitter/statuses/1522211507051720704;2022-05-05 13:47:59+00:00;GodsOfOHMNFT;False;Olympus;130;169;265;19;3;[];recent;[];"GUESS THE GOD.. Apollo ‚ö°Ô∏è

Apollo, the God of Truth and Prophecy communicated with Ohmies his knowledge of the upco‚Ä¶ https://t.co/XRLv9LunJ2";GUESS THE GOD. Apollo ‚ö°Ô∏è Apollo the God of Truth and Prophecy communicated with Ohmies his knowledge of the upco https://t.co/XRLv9LunJ2;[{'label': 'Neutral', 'score': 0.6991662383079529}];Neutral;0.6991662383079529;2022-05-05
516;1522197618641694720;https://twitter.com/twitter/statuses/1522197618641694720;2022-05-05 12:52:48+00:00;elev8orsDAO;False;;1950;413;4237;7;0;[];recent;[{'screen_name': 'GCOdysseus', 'name': 'üèõ Œ©dysseus üèõ', 'id': 772169776609136640, 'id_str': '772169776609136640', 'indices': [0, 11]}, {'screen_name': 'OlympusDAO', 'name': 'OlympusDAO', 'id': 1353529215497469952, 'id_str': '1353529215497469952', 'indices': [12, 23]}];@GCOdysseus @OlympusDAO Growing a treasury does nothing for bag holders, real value needs to flow back to them, fro‚Ä¶ https://t.co/pMRhnr0azz;Growing a treasury does nothing for bag holders real value needs to flow back to them fro https://t.co/pMRhnr0azz;[{'label': 'Neutral', 'score': 0.507571280002594}];Neutral;0.507571280002594;2022-05-05
519;1522194061645463552;https://twitter.com/twitter/statuses/1522194061645463552;2022-05-05 12:38:39+00:00;Dionysus_Klima;False;;70;5096;317;15;0;[];recent;[{'screen_name': 'sy_zygy_', 'name': 'Sy Zygy', 'id': 1445450501353472005, 'id_str': '1445450501353472005', 'indices': [0, 9]}, {'screen_name': 'Asfi3333', 'name': 'Asfi (3,3)', 'id': 1505070068811505665, 'id_str': '1505070068811505665', 'indices': [10, 19]}, {'screen_name': 'KlimaDAO', 'name': 'KlimaDAO (üå≥,üå≥)', 'id': 1400139779480731651, 'id_str': '1400139779480731651', 'indices': [20, 29]}, {'screen_name': 'OlympusDAO', 'name': 'OlympusDAO', 'id': 1353529215497469952, 'id_str': '1353529215497469952', 'indices': [30, 41]}];@sy_zygy_ @Asfi3333 @KlimaDAO @OlympusDAO Sy the Leakoooooooor :D;_zygy Sy the Leakoooooooor :D;[{'label': 'Positive', 'score': 0.9026621580123901}];Positive;0.9026621580123901;2022-05-05
567;1522123987228434432;https://twitter.com/twitter/statuses/1522123987228434432;2022-05-05 08:00:12+00:00;FantomHub;False;;337;15957;2080;30;17;[{'text': 'MultiChain', 'indices': [40, 51]}, {'text': 'GameFi', 'indices': [52, 59]}];recent;[{'screen_name': 'WarpBond', 'name': 'Warp.Game', 'id': 1468745083629490188, 'id_str': '1468745083629490188', 'indices': [25, 34]}];"https://t.co/XrzDv3XY0H

@WarpBond is a #MultiChain #GameFi project that features an all-encompassing ecosystem by‚Ä¶ https://t.co/8ynhXm6GHl";https://t.co/XrzDv3XY0H is a #MultiChain #GameFi project that features an all-encompassing ecosystem by https://t.co/8ynhXm6GHl;[{'label': 'Positive', 'score': 0.5762993097305298}];Positive;0.5762993097305298;2022-05-05
550;1522164554209415168;https://twitter.com/twitter/statuses/1522164554209415168;2022-05-05 10:41:24+00:00;FairChanceInv;False;;7;649;24;33;16;[];recent;[{'screen_name': 'Crypto_Maximal', 'name': 'Crypto Maximalist.REDüî∫| BAGMI üêª', 'id': 1354116172678103042, 'id_str': '1354116172678103042', 'indices': [91, 106]}];"Do not be fooled, invest correctly! Passive income is a way to break free from all bonds!

@Crypto_Maximal‚Ä¶ https://t.co/WOqBMGA4rK";Do not be fooled invest correctly Passive income is a way to break free from all bonds! _Maximal https://t.co/WOqBMGA4rK;[{'label': 'Positive', 'score': 0.5080924034118652}];Positive;0.5080924034118652;2022-05-05
588;1522034159849508864;https://twitter.com/twitter/statuses/1522034159849508864;2022-05-05 02:03:16+00:00;dr00shie;False;Texas;504;1524;2028;56;2;[];recent;[{'screen_name': 'OlympusDAO', 'name': 'OlympusDAO', 'id': 1353529215497469952, 'id_str': '1353529215497469952', 'indices': [54, 65]}];"Nearly 90 days ago I laid the foundations for what an @OlympusDAO discord re-org would look like.

This week, as Co‚Ä¶ https://t.co/2UcshvLOfr";Nearly 90 days ago I laid the foundations for what an discord re-org would look like. This week as Co https://t.co/2UcshvLOfr;[{'label': 'Neutral', 'score': 0.7624015212059021}];Neutral;0.7624015212059021;2022-05-05
555;1522161812296577024;https://twitter.com/twitter/statuses/1522161812296577024;2022-05-05 10:30:31+00:00;FantomHub;False;;337;15957;2080;22;4;[];recent;[{'screen_name': 'GtonCapital', 'name': 'GTON Capital | ‚öúÔ∏èùîæ‚ÑÇ', 'id': 1329679609944797184, 'id_str': '1329679609944797184', 'indices': [59, 71]}, {'screen_name': 'OlympusDAO', 'name': 'OlympusDAO', 'id': 1353529215497469952, 'id_str': '1353529215497469952', 'indices': [73, 84]}, {'screen_name': 'FantohmDAO', 'name': 'Fantohm', 'id': 1453806582798618627, 'id_str': '1453806582798618627', 'indices': [86, 97]}];"GOVERNANCE TOKEN COMPARISON ON FANTOM OPERA

Let's compare @GtonCapital, @OlympusDAO, @FantohmDAO and‚Ä¶ https://t.co/jgbXAhhwo9";GOVERNANCE TOKEN COMPARISON ON FANTOM OPERA Let's compare and https://t.co/jgbXAhhwo9;[{'label': 'Neutral', 'score': 0.8061175346374512}];Neutral;0.8061175346374512;2022-05-05
568;1522122252434649089;https://twitter.com/twitter/statuses/1522122252434649089;2022-05-05 07:53:19+00:00;sy_zygy_;False;In orbit üöÄ;411;796;423;74;7;[];recent;[{'screen_name': 'Asfi3333', 'name': 'Asfi (3,3)', 'id': 1505070068811505665, 'id_str': '1505070068811505665', 'indices': [9, 18]}, {'screen_name': 'Dionysus_Klima', 'name': 'Dionysus', 'id': 1442423792978960398, 'id_str': '1442423792978960398', 'indices': [64, 79]}];Likewise @Asfi3333 -- we didn't really know each other but you, @Dionysus_Klima and I immediately jumped into a whi‚Ä¶ https://t.co/2pdMVT5Xa2;Likewise - we didn't really know each other but you _Klima and I immediately jumped into a whi https://t.co/2pdMVT5Xa2;[{'label': 'Neutral', 'score': 0.7713033556938171}];Neutral;0.7713033556938171;2022-05-05
570;1522107348160061440;https://twitter.com/twitter/statuses/1522107348160061440;2022-05-05 06:54:05+00:00;RaidersDerude;False;;184;263;1960;7;0;[{'text': 'OlympusPro', 'indices': [55, 66]}];recent;[{'screen_name': 'crypto_raiders', 'name': 'Crypto Raiders', 'id': 1410499770372722691, 'id_str': '1410499770372722691', 'indices': [99, 114]}];I just received a 2.33% discount on $RAIDER thanks to  #OlympusPro bonds. Don't miss out on yours! @crypto_raiders,‚Ä¶ https://t.co/YJdAAJl94B;I just received a 2.33 discount on $RAIDER thanks to #OlympusPro bonds Don't miss out on yours _raiders, https://t.co/YJdAAJl94B;[{'label': 'Positive', 'score': 0.9398990273475647}];Positive;0.9398990273475647;2022-05-05
562;1522150605149843457;https://twitter.com/twitter/statuses/1522150605149843457;2022-05-05 09:45:59+00:00;GCOdysseus;False;Gold Coast;1339;2251;17127;146;6;[];recent;[];I apologise to all $OHM-ies I hope the protocol pumps and is a success, there is a lot of hard work going on behind‚Ä¶ https://t.co/V59sOGComT;I apologise to all $OHM-ies I hope the protocol pumps and is a success there is a lot of hard work going on behind https://t.co/V59sOGComT;[{'label': 'Positive', 'score': 0.41447725892066956}];Positive;0.41447725892066956;2022-05-05
409;1522289459793956865;https://twitter.com/twitter/statuses/1522289459793956865;2022-05-05 18:57:44+00:00;dr00shie;False;Texas;504;1524;2028;7;0;[];recent;[{'screen_name': 'GCOdysseus', 'name': 'üèõ Œ©dysseus üèõ', 'id': 772169776609136640, 'id_str': '772169776609136640', 'indices': [0, 11]}, {'screen_name': 'OlympusDAO', 'name': 'OlympusDAO', 'id': 1353529215497469952, 'id_str': '1353529215497469952', 'indices': [12, 23]}];@GCOdysseus @OlympusDAO We love you bro! Hard work sees hard work - in time these things add up and good karma is repaid. Keep ya head up.;We love you bro Hard work sees hard work in time these things add up and good karma is repaid Keep ya head up.;[{'label': 'Positive', 'score': 0.9625276923179626}];Positive;0.9625276923179626;2022-05-05
408;1522289495202312193;https://twitter.com/twitter/statuses/1522289495202312193;2022-05-05 18:57:53+00:00;NileSwap;False;Trading on the Nile;6;4221;450;69;55;[];recent;[{'screen_name': 'HexathorProject', 'name': 'Hexathor', 'id': 1483876812371464192, 'id_str': '1483876812371464192', 'indices': [78, 94]}];"üî•Giveaway Time!

To celebrate their launch coming on the 7th May (14:00 UTC)

@HexathorProject is giving away one o‚Ä¶ https://t.co/6SKNc26h2l";üî•Giveaway Time! To celebrate their launch coming on the 7th May (14:00 UTC) is giving away one o https://t.co/6SKNc26h2l;[{'label': 'Positive', 'score': 0.8574805855751038}];Positive;0.8574805855751038;2022-05-05
351;1522346251395551232;https://twitter.com/twitter/statuses/1522346251395551232;2022-05-05 22:43:24+00:00;korpi87;False;;562;14583;2250;12;0;[];recent;[];"1.  Real $OHM MC is only $282M

OHM Circulating Supply reported on Coingecko or Olympus DAO Dashboard (‚Ä¶ https://t.co/4T9tZg8yiN";1 Real $OHM MC is only $282M OHM Circulating Supply reported on Coingecko or Olympus DAO Dashboard ( https://t.co/4T9tZg8yiN;[{'label': 'Neutral', 'score': 0.9001589417457581}];Neutral;0.9001589417457581;2022-05-05
469;1522221763719057408;https://twitter.com/twitter/statuses/1522221763719057408;2022-05-05 14:28:44+00:00;zeetientien;False;;238;1028;2906;18;1;[];recent;[{'screen_name': 'OlympusDAO', 'name': 'OlympusDAO', 'id': 1353529215497469952, 'id_str': '1353529215497469952', 'indices': [17, 28]}];Insight into how @OlympusDAO policy team works. https://t.co/XxW4FUsKA3;Insight into how policy team works https://t.co/XxW4FUsKA3;[{'label': 'Neutral', 'score': 0.8817222714424133}];Neutral;0.8817222714424133;2022-05-05
458;1522232526483464193;https://twitter.com/twitter/statuses/1522232526483464193;2022-05-05 15:11:30+00:00;Akumasmind47;False;;200;27;147;25;3;[{'text': 'Ohmie', 'indices': [22, 28]}, {'text': 'OlympusDao', 'indices': [29, 40]}, {'text': 'Ohm', 'indices': [41, 45]}];recent;[{'screen_name': 'OlympusDAO', 'name': 'OlympusDAO', 'id': 1353529215497469952, 'id_str': '1353529215497469952', 'indices': [51, 62]}];Happy CincOHM de Mayo #Ohmie #OlympusDao #Ohm #3,3 @OlympusDAO https://t.co/ijgqkPkvaB;Happy CincOHM de Mayo #Ohmie #OlympusDao #Ohm #3,3 https://t.co/ijgqkPkvaB;[{'label': 'Positive', 'score': 0.9651115536689758}];Positive;0.9651115536689758;2022-05-05
222;1522608515193450498;https://twitter.com/twitter/statuses/1522608515193450498;2022-05-06 16:05:33+00:00;WhaleStats;False;Whalechain;6;193320;4141;7;1;[{'text': 'ETH', 'indices': [76, 80]}];recent;[{'screen_name': 'OlympusDAO', 'name': 'OlympusDAO', 'id': 1353529215497469952, 'id_str': '1353529215497469952', 'indices': [14, 25]}];"JUST IN: $OHM @OlympusDAO now on top 10 purchased tokens among 2000 biggest #ETH whales in the last 24hrs üê≥

We've‚Ä¶ https://t.co/JpSTPPlxOr";JUST IN $OHM now on top 10 purchased tokens among 2000 biggest #ETH whales in the last 24hrs üê≥ We've https://t.co/JpSTPPlxOr;[{'label': 'Positive', 'score': 0.7497496008872986}];Positive;0.7497496008872986;2022-05-06
253;1522588259263655938;https://twitter.com/twitter/statuses/1522588259263655938;2022-05-06 14:45:03+00:00;bobanetwork;False;Layer 2;3281;359673;2722;11;0;[];recent;[{'screen_name': 'OlympusDAO', 'name': 'OlympusDAO', 'id': 1353529215497469952, 'id_str': '1353529215497469952', 'indices': [44, 55]}];Ser, the market is bleeding... Don't worry, @OlympusDAO recently joined $BOBA and is participating through OolongSw‚Ä¶ https://t.co/E1HW9dZSZ0;Ser the market is bleeding.. Don't worry recently joined $BOBA and is participating through OolongSw https://t.co/E1HW9dZSZ0;[{'label': 'Neutral', 'score': 0.6632756590843201}];Neutral;0.6632756590843201;2022-05-06
209;1522619333792321537;https://twitter.com/twitter/statuses/1522619333792321537;2022-05-06 16:48:32+00:00;MetricsDAO;False;;172;3314;359;24;3;[];recent;[{'screen_name': 'OlympusDAO', 'name': 'OlympusDAO', 'id': 1353529215497469952, 'id_str': '1353529215497469952', 'indices': [19, 30]}];"We've launched new @OlympusDAO bounties today! Œ©

üë©‚Äçüéì 2 beginner, 2 intermediate and 1 advanced level.

‚è∞ Due next‚Ä¶ https://t.co/UcFPdAlD4x";We've launched new bounties today Œ© üë©‚Äç 2 beginner 2 intermediate and 1 advanced level. Due next https://t.co/UcFPdAlD4x;[{'label': 'Neutral', 'score': 0.5724034309387207}];Neutral;0.5724034309387207;2022-05-06
342;1522372874794790912;https://twitter.com/twitter/statuses/1522372874794790912;2022-05-06 00:29:12+00:00;Lost_In_Defi1;False;;360;139;491;8;2;[];recent;[{'screen_name': 'LobisHQ', 'name': 'Lobis', 'id': 1459255972568969221, 'id_str': '1459255972568969221', 'indices': [24, 32]}];For posterity‚Äôs sake... @LobisHQ just shut down the discord with $1.6m still left in the claiming contract after tr‚Ä¶ https://t.co/UppCljNizQ;For posterity‚Äôs sake.. just shut down the discord with $1.6m still left in the claiming contract after tr https://t.co/UppCljNizQ;[{'label': 'Negative', 'score': 0.7092137932777405}];Negative;0.7092137932777405;2022-05-06
337;1522385174859763712;https://twitter.com/twitter/statuses/1522385174859763712;2022-05-06 01:18:04+00:00;quasicypher1;False;;727;3460;3165;7;0;[];recent;[{'screen_name': 'Lost_In_Defi1', 'name': 'Mr.E_Lost in Defi', 'id': 1471658103246442499, 'id_str': '1471658103246442499', 'indices': [0, 14]}, {'screen_name': 'LobisHQ', 'name': 'Lobis', 'id': 1459255972568969221, 'id_str': '1459255972568969221', 'indices': [15, 23]}, {'screen_name': 'OlympusDAO', 'name': 'OlympusDAO', 'id': 1353529215497469952, 'id_str': '1353529215497469952', 'indices': [24, 35]}];"@Lost_In_Defi1 @LobisHQ @OlympusDAO Just because it was a ""SubDAO"" of Olympus does not mean that Olympus controls the actions of others";"_In_Defi1 Just because it was a ""SubDAO of Olympus does not mean that Olympus controls the actions of others";[{'label': 'Neutral', 'score': 0.6638889312744141}];Neutral;0.6638889312744141;2022-05-06
329;1522415104259674114;https://twitter.com/twitter/statuses/1522415104259674114;2022-05-06 03:17:00+00:00;quasicypher1;False;;727;3460;3165;67;3;[];recent;[{'screen_name': 'OlympusDAO', 'name': 'OlympusDAO', 'id': 1353529215497469952, 'id_str': '1353529215497469952', 'indices': [5, 16]}];"With @OlympusDAO treasury doing buy backs via inverse bonds, let's do some simple math

Who has more capital.. the treasury or the market?";With treasury doing buy backs via inverse bonds let's do some simple math Who has more capital. the treasury or the market?;[{'label': 'Neutral', 'score': 0.905766487121582}];Neutral;0.905766487121582;2022-05-06
277;1522545146272919553;https://twitter.com/twitter/statuses/1522545146272919553;2022-05-06 11:53:45+00:00;zeetientien;False;;238;1028;2906;50;2;[];recent;[{'screen_name': 'sh4dowlegend', 'name': 'shadow', 'id': 1379714116038885377, 'id_str': '1379714116038885377', 'indices': [3, 16]}, {'screen_name': 'OlympusDAO', 'name': 'OlympusDAO', 'id': 1353529215497469952, 'id_str': '1353529215497469952', 'indices': [40, 51]}, {'screen_name': 'OlympusDAO', 'name': 'OlympusDAO', 'id': 1353529215497469952, 'id_str': '1353529215497469952', 'indices': [87, 98]}];"As @sh4dowlegend said last night:

""The @OlympusDAO Treasury isn't going anywhere.
The @OlympusDAO team isn't going‚Ä¶ https://t.co/BTxHc0cLdy";"As said last night: ""The Treasury isn't going anywhere. The team isn't going https://t.co/BTxHc0cLdy";[{'label': 'Neutral', 'score': 0.7456610798835754}];Neutral;0.7456610798835754;2022-05-06
282;1522535864923996162;https://twitter.com/twitter/statuses/1522535864923996162;2022-05-06 11:16:52+00:00;disa_diisaa;False;;411;461;11229;8;4;[];recent;[{'screen_name': 'FantomHub', 'name': 'FantomHub', 'id': 1443255403505061891, 'id_str': '1443255403505061891', 'indices': [0, 10]}, {'screen_name': 'WarpBond', 'name': 'Warp.Game', 'id': 1468745083629490188, 'id_str': '1468745083629490188', 'indices': [11, 20]}, {'screen_name': 'OlympusDAO', 'name': 'OlympusDAO', 'id': 1353529215497469952, 'id_str': '1353529215497469952', 'indices': [21, 32]}, {'screen_name': 'opensea', 'name': 'OpenSea', 'id': 946213559213555712, 'id_str': '946213559213555712', 'indices': [33, 41]}, {'screen_name': 'FantomFDN', 'name': 'Fantom Foundation', 'id': 977020204071792641, 'id_str': '977020204071792641', 'indices': [42, 52]}, {'screen_name': '0xPolygon', 'name': 'Polygon - MATIC üíö', 'id': 914738730740715521, 'id_str': '914738730740715521', 'indices': [53, 63]}, {'screen_name': 'WalletConnect', 'name': 'WalletConnect üì≤', 'id': 977233881668648960, 'id_str': '977233881668648960', 'indices': [64, 78]}, {'screen_name': 'jaceincrypto', 'name': 'callmejace', 'id': 187794592, 'id_str': '187794592', 'indices': [79, 92]}, {'screen_name': 'tdellytech', 'name': 'Tdellz', 'id': 942601921860313089, 'id_str': '942601921860313089', 'indices': [93, 104]}];@FantomHub @WarpBond @OlympusDAO @opensea @FantomFDN @0xPolygon @WalletConnect @jaceincrypto @tdellytech‚Ä¶ https://t.co/yzgoOG5R8z;https://t.co/yzgoOG5R8z;[{'label': 'Neutral', 'score': 0.7448017001152039}];Neutral;0.7448017001152039;2022-05-06
101;1522977268498563072;https://twitter.com/twitter/statuses/1522977268498563072;2022-05-07 16:30:51+00:00;WhaleStatsFTM;False;Whalestats.eth;1;7327;820;11;3;[{'text': 'FTM', 'indices': [79, 83]}];recent;[{'screen_name': 'OlympusDAO', 'name': 'OlympusDAO', 'id': 1353529215497469952, 'id_str': '1353529215497469952', 'indices': [15, 26]}];"JUST IN: $gOHM @OlympusDAO one of the MOST USED smart contracts among top 2000 #FTM whales in the last 24hrsüê≥

We'v‚Ä¶ https://t.co/I16fPeEd48";JUST IN $gOHM one of the MOST USED smart contracts among top 2000 #FTM whales in the last 24hrsüê≥ We'v https://t.co/I16fPeEd48;[{'label': 'Positive', 'score': 0.8098560571670532}];Positive;0.8098560571670532;2022-05-07
110;1522953689937367041;https://twitter.com/twitter/statuses/1522953689937367041;2022-05-07 14:57:09+00:00;sayinshallah;False;;392;40608;5603;72;6;[];recent;[{'screen_name': 'OlympusDAO', 'name': 'OlympusDAO', 'id': 1353529215497469952, 'id_str': '1353529215497469952', 'indices': [7, 18]}];"üî•üî• üî• üî• @OlympusDAO have so far burnt 133,985 $OHM ($2,285,799.96) through inverse bonds

https://t.co/am7qgv6flX";üî• have so far burnt 133,985 $OHM ($2,285,799.96 through inverse bonds https://t.co/am7qgv6flX;[{'label': 'Neutral', 'score': 0.8251919150352478}];Neutral;0.8251919150352478;2022-05-07
145;1522861473181028353;https://twitter.com/twitter/statuses/1522861473181028353;2022-05-07 08:50:43+00:00;ordernchaos_fi;False;DeFi 3.0;3;568;20;18;3;[];recent;[{'screen_name': 'avalancheavax', 'name': 'Avalanche üî∫', 'id': 1055894724245155841, 'id_str': '1055894724245155841', 'indices': [52, 66]}, {'screen_name': 'zhusu', 'name': 'Zhu Su üî∫üåï', 'id': 79714172, 'id_str': '79714172', 'indices': [67, 73]}, {'screen_name': 'terra_money', 'name': 'Terra (UST) üåç Powered by LUNA üåï', 'id': 1022028994772910086, 'id_str': '1022028994772910086', 'indices': [74, 86]}, {'screen_name': 'OlympusDAO', 'name': 'OlympusDAO', 'id': 1353529215497469952, 'id_str': '1353529215497469952', 'indices': [87, 98]}, {'screen_name': 'fraxfinance', 'name': 'Frax Finance (¬§, ¬§) ü¶áüîä', 'id': 1123761442824519682, 'id_str': '1123761442824519682', 'indices': [99, 111]}];"Algorithmic stablecoin and Stableswap SOON‚Ñ¢ --&gt; 
@avalancheavax @zhusu @terra_money @OlympusDAO @fraxfinance üëÄüëÄ https://t.co/HspeTJxckQ";Algorithmic stablecoin and Stableswap SOON --&gt _money üëÄ https://t.co/HspeTJxckQ;[{'label': 'Neutral', 'score': 0.7191479802131653}];Neutral;0.7191479802131653;2022-05-07
114;1522947880339738624;https://twitter.com/twitter/statuses/1522947880339738624;2022-05-07 14:34:04+00:00;DaveLevine0com;False;Los Angeles, CA;68;2126;3962;8;1;[];recent;[];"Olympus Dao risk free treasury: 250 million 
Olympus total treasury: 360 Million
$OHM market cap: $310 million.‚Ä¶ https://t.co/EdQHqQ3cql";Olympus Dao risk free treasury 250 million Olympus total treasury 360 Million $OHM market cap $310 million. https://t.co/EdQHqQ3cql;[{'label': 'Neutral', 'score': 0.878902018070221}];Neutral;0.878902018070221;2022-05-07
132;1522901424325021696;https://twitter.com/twitter/statuses/1522901424325021696;2022-05-07 11:29:28+00:00;terra_valley;False;;232;2465;392;12;6;[{'text': 'StableCoin', 'indices': [39, 50]}];recent;[{'screen_name': 'TokenReactor', 'name': '‚îª‚î≥ TOKEMAK', 'id': 1101283758097915904, 'id_str': '1101283758097915904', 'indices': [102, 115]}];"3. THE STABLECOIN WARS

The tension of #StableCoin wars increased when 4pools  formed the alliance of @TokenReactor‚Ä¶ https://t.co/UAZpNVLFH4";3 THE STABLECOIN WARS The tension of #StableCoin wars increased when 4pools formed the alliance of https://t.co/UAZpNVLFH4;[{'label': 'Neutral', 'score': 0.8494345545768738}];Neutral;0.8494345545768738;2022-05-07
21;1523328883239628801;https://twitter.com/twitter/statuses/1523328883239628801;2022-05-08 15:48:02+00:00;gelatonetwork;False;;23;35465;1552;15;2;[];recent;[{'screen_name': 'itssarahamann', 'name': 'sarah', 'id': 536868408, 'id_str': '536868408', 'indices': [30, 44]}];"Our developer advocate Sarah (@itssarahamann) is back with a fresh Gelato Sundae, and it's ùôöùô≠ùô©ùôßùôñ sweet...üçß

Featuri‚Ä¶ https://t.co/YtQPqdeJR9";Our developer advocate Sarah ( is back with a fresh Gelato Sundae and it's ùôöùô≠ùô©ùôß sweet...üçß Featuri https://t.co/YtQPqdeJR9;[{'label': 'Positive', 'score': 0.9822560548782349}];Positive;0.9822560548782349;2022-05-08
15;1523369526569578498;https://twitter.com/twitter/statuses/1523369526569578498;2022-05-08 18:29:32+00:00;ohmSHAFT;False;;55;40;41;129;12;[];recent;[{'screen_name': 'OlympusDAO', 'name': 'OlympusDAO', 'id': 1353529215497469952, 'id_str': '1353529215497469952', 'indices': [20, 31]}];Do people know that @OlympusDAO is buying back and burning 600k+ of OHM a day.;Do people know that is buying back and burning 600k of OHM a day.;[{'label': 'Negative', 'score': 0.4982098340988159}];Negative;0.4982098340988159;2022-05-08
9;1523392521358823425;https://twitter.com/twitter/statuses/1523392521358823425;2022-05-08 20:00:55+00:00;JASF_MS03;False;On an exoplanet;1017;551;18280;10;2;[];recent;[{'screen_name': 'OlympusDAO', 'name': 'OlympusDAO', 'id': 1353529215497469952, 'id_str': '1353529215497469952', 'indices': [24, 35]}];Let's go butter hands!, @OlympusDAO is buying your $OHM, don't think about it too much, or maybe yes? https://t.co/DtJpmwcXbr;Let's go butter hands! is buying your $OHM don't think about it too much or maybe yes https://t.co/DtJpmwcXbr;[{'label': 'Positive', 'score': 0.6911458969116211}];Positive;0.6911458969116211;2022-05-08
51;1523167191239061504;https://twitter.com/twitter/statuses/1523167191239061504;2022-05-08 05:05:32+00:00;WhaleStats;False;Whalechain;6;193320;4141;21;5;[{'text': 'ETH', 'indices': [77, 81]}];recent;[{'screen_name': 'OlympusDAO', 'name': 'OlympusDAO', 'id': 1353529215497469952, 'id_str': '1353529215497469952', 'indices': [15, 26]}];"JUST IN: $gOHM @OlympusDAO now on top 10 purchased tokens among 2000 biggest #ETH whales in the last 24hrs üê≥

We've‚Ä¶ https://t.co/p5Dby78T8x";JUST IN $gOHM now on top 10 purchased tokens among 2000 biggest #ETH whales in the last 24hrs üê≥ We've https://t.co/p5Dby78T8x;[{'label': 'Positive', 'score': 0.7653176784515381}];Positive;0.7653176784515381;2022-05-08
32;1523256666107838465;https://twitter.com/twitter/statuses/1523256666107838465;2022-05-08 11:01:04+00:00;WhaleStatsFTM;False;Whalestats.eth;1;7327;820;9;1;[{'text': 'FTM', 'indices': [53, 57]}];recent;[{'screen_name': 'FantomFDN', 'name': 'Fantom Foundation', 'id': 977020204071792641, 'id_str': '977020204071792641', 'indices': [87, 97]}];"üèÜ MOST USED smart contracts for the top 2000 biggest #FTM whales today

ü•á $FTM
ü•à $WFTM @FantomFDN
ü•â $USDC
4Ô∏è‚É£ $BTC‚Ä¶ https://t.co/MmE6EUNI1X";MOST USED smart contracts for the top 2000 biggest #FTM whales today $FTM $WFTM $USDC 4Ô∏è $BTC https://t.co/MmE6EUNI1X;[{'label': 'Neutral', 'score': 0.6220971941947937}];Neutral;0.6220971941947937;2022-05-08
