;id;created_at;username;verified;location;following;followers;total_tweets;favorite_count;retweet_count;hashtags;mentions;text;sentiment_roberta;score_roberta;sentiment_bert;score_bert
0;1518016870514925577;2022-04-23 23:59:59+00:00;SSCinvestment;False;;74;8;40;2;1;[{'text': 'nft', 'indices': [38, 42]}, {'text': 'crypto', 'indices': [43, 50]}];[];"Not concept art what do we think ???

#nft #crypto https://t.co/lwwTYP4Gkv";Neutral;0.737143337726593;Neutral;0.9727272391319275
1;1518016870414180354;2022-04-23 23:59:59+00:00;TheGo1denBull;False;Web3 ;1326;348;2977;0;0;[];[{'screen_name': 'PrimeAww', 'name': 'PrimeAww', 'id': 1371297813766709248, 'id_str': '1371297813766709248', 'indices': [0, 9]}];@PrimeAww Bro I feel like I'm old. The average age for Crypto investors is like 23 lol;Neutral;0.4583980441093445;Neutral;0.8322210907936096
2;1518016869944512513;2022-04-23 23:59:59+00:00;AaryaAdor;False;;143;68;652;0;50;[{'text': 'Terareum', 'indices': [13, 22]}];[{'screen_name': 'RDPrice', 'name': 'R.D. Price üçÄ', 'id': 41407808, 'id_str': '41407808', 'indices': [3, 11]}];"#Terareum üçÄ

üçÄ Headquarters within 2 weeks
üçÄStaffing begins ~85 Employees 
üçÄ Terapool Coming in a few weeks
üçÄ 1 Qua‚Ä¶ https://t.co/NqSKZV8Xwk";Neutral;0.7139857411384583;Neutral;0.9728684425354004
3;1518016869822726146;2022-04-23 23:59:59+00:00;definitelywildr;False;Wiami, Wilder World;645;1209;3289;2;0;[];[{'screen_name': 'crypto_navi', 'name': 'üê∞üçÑ ‚¨° navi ‚¨° üçÑüßö', 'id': 1184296201023307776, 'id_str': '1184296201023307776', 'indices': [0, 12]}, {'screen_name': 'real_n3o', 'name': '0://wilder.n3o', 'id': 1231357729601544192, 'id_str': '1231357729601544192', 'indices': [13, 22]}];"@crypto_navi @real_n3o So far 
- wheels
- crafts
- Kicks S0
- cribs
- Beasts";Neutral;0.8167445063591003;Neutral;0.9685516953468323
4;1518016868275003392;2022-04-23 23:59:59+00:00;rutodazed2;False;big wins cutie ‚ú®;1942;41;12440;0;7817;[];[{'screen_name': 'Bandit_giveaway', 'name': 'Bandit Giveaways', 'id': 158236259, 'id_str': '158236259', 'indices': [3, 19]}, {'screen_name': 'crypto_pulse', 'name': 'CRYPTOPULSEüí•üìª', 'id': 923890683143999489, 'id_str': '923890683143999489', 'indices': [64, 77]}];"$125 || 1 Winner || 24hrs

Rt &amp; follow @crypto_pulse";Neutral;0.6791503429412842;Neutral;0.562300443649292
5;1518016867943985152;2022-04-23 23:59:59+00:00;prettybpoy1983;False;;983;93;1946;0;0;[];[{'screen_name': 'oditapaulmoses', 'name': 'Paulmoses.wallet ‚òÄÔ∏è', 'id': 1720007120, 'id_str': '1720007120', 'indices': [0, 15]}, {'screen_name': 'TerkehhBsc', 'name': 'Terkehh #BSC', 'id': 1447069758839353344, 'id_str': '1447069758839353344', 'indices': [16, 27]}];@oditapaulmoses @TerkehhBsc This is one of the biggest scams in the Crypto market, but I don't understand why it ca‚Ä¶ https://t.co/0HWxLfvWK8;Negative;0.902971625328064;Negative;0.9605829119682312
6;1518016867369164800;2022-04-23 23:59:59+00:00;dani_frias_foto;False;Metaverse;327;372;6911;0;1;[];[{'screen_name': 'ArtisticCrypto', 'name': 'ArtisticCrypto.eth ‚ü†', 'id': 46113908, 'id_str': '46113908', 'indices': [3, 18]}];Bitcoin 'tribalism' is holding the crypto industry back, Ripple CEO says https://t.co/gsU5bXKEmg;Neutral;0.5119541883468628;Neutral;0.555088460445404
7;1518016865809104896;2022-04-23 23:59:58+00:00;IU_WINS;False;;1108;15;3788;0;10443;[];[{'screen_name': 'DaJenus', 'name': 'Jenus - Crypto Master', 'id': 225731980, 'id_str': '225731980', 'indices': [3, 11]}, {'screen_name': 'finds_crypto', 'name': 'üíé Crypto Finds', 'id': 1422837173456343042, 'id_str': '1422837173456343042', 'indices': [46, 59]}];"$75 ~ 5 Hours 

‚úÖRT &amp; Follow @finds_crypto";Neutral;0.7689420580863953;Neutral;0.9458169937133789
8;1518016862797410309;2022-04-23 23:59:58+00:00;TheWeb3Bot;False;;2;364;31676;0;3;[{'text': 'VeteransUnite', 'indices': [38, 52]}, {'text': 'crypto', 'indices': [122, 129]}, {'text': 'Web3', 'indices': [130, 135]}];[{'screen_name': 'The_Crypto_Vet', 'name': 'James Rodriguez', 'id': 1506688405299675144, 'id_str': '1506688405299675144', 'indices': [3, 18]}];"What happens when #VeteransUnite with one common goal in mind?  

Follow these accounts to find out!

#crypto #Web3‚Ä¶ https://t.co/CO1outy5Rl";Neutral;0.8390848636627197;Neutral;0.5058079361915588
9;1518016858607079424;2022-04-23 23:59:57+00:00;bigwinscutee;False;;2912;34;10072;0;10443;[];[{'screen_name': 'DaJenus', 'name': 'Jenus - Crypto Master', 'id': 225731980, 'id_str': '225731980', 'indices': [3, 11]}, {'screen_name': 'finds_crypto', 'name': 'üíé Crypto Finds', 'id': 1422837173456343042, 'id_str': '1422837173456343042', 'indices': [46, 59]}];"$75 ~ 5 Hours 

‚úÖRT &amp; Follow @finds_crypto";Neutral;0.7689420580863953;Neutral;0.9458169937133789
10;1518016858162614273;2022-04-23 23:59:57+00:00;damir_crypto;False;;23;4;38;0;13665;[{'text': 'ThunderCore', 'indices': [49, 61]}];[{'screen_name': 'ThunderProtocol', 'name': 'ThunderCore Official', 'id': 950110836042825728, 'id_str': '950110836042825728', 'indices': [3, 19]}];"Say hello to our brand new ‚Äú#ThunderCore blue‚Äù and TT Wallet! üî•

We are rebranding to match our new focus of leadin‚Ä¶ https://t.co/GsZx1Yz0us";Positive;0.7686461806297302;Positive;0.8934441804885864
11;1518016857248190464;2022-04-23 23:59:56+00:00;willyboy193;False;;2048;2188;12092;0;4;[];[{'screen_name': 'crexthemage', 'name': 'üßô\u200d‚ôÇÔ∏ècrexthemageüßÄ', 'id': 1313373943043182594, 'id_str': '1313373943043182594', 'indices': [3, 15]}, {'screen_name': 'CBB_CNFT', 'name': 'CRYPTO BALLER BOTS', 'id': 1444841574106636292, 'id_str': '1444841574106636292', 'indices': [17, 26]}, {'screen_name': 'dogmatapsych71', 'name': 'DogmatapsychüîÑ', 'id': 275374024, 'id_str': '275374024', 'indices': [27, 42]}, {'screen_name': 'DGreezyOK', 'name': '$dgreezyok', 'id': 1375457515480178692, 'id_str': '1375457515480178692', 'indices': [43, 53]}, {'screen_name': 'SpreadtheChedda', 'name': 'Heavy Chedda', 'id': 1490767102709571592, 'id_str': '1490767102709571592', 'indices': [54, 70]}, {'screen_name': 'Cardano_Robin', 'name': '$Cardano Robin', 'id': 699688180736466944, 'id_str': '699688180736466944', 'indices': [71, 85]}, {'screen_name': 'MooJabba', 'name': 'SNOW CHEDDA', 'id': 1447799359437946881, 'id_str': '1447799359437946881', 'indices': [86, 95]}, {'screen_name': 'NicoOnselen', 'name': 'Chedda Whale üßÄüê≥', 'id': 1229463032197070848, 'id_str': '1229463032197070848', 'indices': [96, 108]}, {'screen_name': 'Crypto_Projects', 'name': 'Crypto BALLER Projects', 'id': 729730869733294081, 'id_str': '729730869733294081', 'indices': [109, 125]}];@CBB_CNFT @dogmatapsych71 @DGreezyOK @SpreadtheChedda @Cardano_Robin @MooJabba @NicoOnselen @Crypto_Projects Anyone‚Ä¶ https://t.co/UqGPDJ84Zp;Neutral;0.8809425234794617;Neutral;0.8254803419113159
12;1518016854069059584;2022-04-23 23:59:56+00:00;CoinMyFace;False;;117;9;98;0;4648;[{'text': 'Giveaway', 'indices': [106, 115]}, {'text': 'BTC', 'indices': [116, 120]}, {'text': 'Crypto', 'indices': [121, 128]}];[{'screen_name': 'ROSHTEINS', 'name': 'Roshtein', 'id': 4921627259, 'id_str': '4921627259', 'indices': [3, 13]}];"Saturday 5K Giveaway ‚úäüèº

Follow, retweet + tag a friend ü§∑üèª‚Äç‚ôÇÔ∏è

Make sure u can accept DMs

#Giveaway #BTC #Crypto 

GOOD LUCK!";Positive;0.682563304901123;Positive;0.9429160952568054
13;1518016853951590400;2022-04-23 23:59:56+00:00;Puli_Niko;False;WORLDWIDE;928;346;3965;0;34;[{'text': 'PULI', 'indices': [107, 112]}];[{'screen_name': 'Oakone1_Samurai', 'name': 'Oakone1 üíé RBXS Eliteüíé', 'id': 1482981899857502209, 'id_str': '1482981899857502209', 'indices': [3, 19]}, {'screen_name': 'Puli_Token', 'name': 'PULI', 'id': 1472730815310217218, 'id_str': '1472730815310217218', 'indices': [35, 46]}];"Wondering why @Puli_Token has its $PULI stable and steadily climbing?
This is because #PULI has a Total of 100milli‚Ä¶ https://t.co/apbJq9ev5X";Neutral;0.5810959339141846;Positive;0.7382931709289551
14;1518016852156420097;2022-04-23 23:59:55+00:00;Robertaofficia_;False;;24;359;1284;0;125;[{'text': 'Bitcoin', 'indices': [25, 33]}, {'text': 'crypto', 'indices': [38, 45]}];[{'screen_name': 'TheMoonCarl', 'name': 'The Moon', 'id': 978732571738755072, 'id_str': '978732571738755072', 'indices': [3, 15]}];How has #Bitcoin and #crypto changed your life?;Neutral;0.49936458468437195;Neutral;0.9003692269325256
15;1518016851422416897;2022-04-23 23:59:55+00:00;Ubaid81645601;False;;208;17;5212;0;7817;[];[{'screen_name': 'Bandit_giveaway', 'name': 'Bandit Giveaways', 'id': 158236259, 'id_str': '158236259', 'indices': [3, 19]}, {'screen_name': 'crypto_pulse', 'name': 'CRYPTOPULSEüí•üìª', 'id': 923890683143999489, 'id_str': '923890683143999489', 'indices': [64, 77]}];"$125 || 1 Winner || 24hrs

Rt &amp; follow @crypto_pulse";Neutral;0.6791503429412842;Neutral;0.562300443649292
16;1518016851321708545;2022-04-23 23:59:55+00:00;LivePriceCrypto;False;;16;627;47644;0;0;[{'text': 'Bitcoin', 'indices': [0, 8]}, {'text': 'BTC', 'indices': [27, 31]}];[];"#Bitcoin Last Price $39429 #BTC üöÄ
Daily Indicators:
RSI: 39.5
MA(20): 41518
MA(50): 41987
MA(200): 47907
Bollinger‚Ä¶ https://t.co/teTAV6t8HK";Neutral;0.8186393976211548;Neutral;0.9750022292137146
17;1518016851061751808;2022-04-23 23:59:55+00:00;Savage_Shinja;False;;830;487;16051;0;38;[{'text': 'crypto', 'indices': [34, 41]}];[{'screen_name': 'BitKanOfficial', 'name': 'BitKan', 'id': 2219922895, 'id_str': '2219922895', 'indices': [3, 18]}];"‚òÄÔ∏è Gm!

Which #crypto coin are you looking at today? üëÄ";Positive;0.6534579992294312;Neutral;0.9460228681564331
18;1518016851057549312;2022-04-23 23:59:55+00:00;Crypto_jasson;False;;173;33;233;0;10710;[];[{'screen_name': 'cubexnft', 'name': 'CubeX', 'id': 1497758039163691015, 'id_str': '1497758039163691015', 'indices': [3, 12]}];"‚öæÔ∏èNew Sneak Peak‚öæÔ∏è

May hand out a WL or two, RT to enter! https://t.co/S9xS76whwr";Neutral;0.7023531794548035;Neutral;0.7987959384918213
19;1518016850965278720;2022-04-23 23:59:55+00:00;NewCryptocurre1;False;USA;125;203;39924;0;0;[];[];"The United States Call on the EPA to Determine the Environmental Legality of Mining Crypto
https://t.co/jKHrmNSLG1";Neutral;0.9278287291526794;Neutral;0.9563155770301819
20;1518016848918458369;2022-04-23 23:59:54+00:00;Ref_Wayne_the_R;False;South Africa;30;2;7;1;1;[{'text': 'money', 'indices': [34, 40]}, {'text': 'benjamins', 'indices': [41, 51]}, {'text': 'investing', 'indices': [52, 62]}, {'text': 'wallstreet', 'indices': [63, 74]}, {'text': 'stocks', 'indices': [75, 82]}, {'text': 'business', 'indices': [83, 92]}, {'text': 'rich', 'indices': [93, 98]}, {'text': 'million', 'indices': [99, 107]}];[];"Thanks for the love ‚ù§Ô∏è India üáÆüá≥ 

#money #benjamins #investing #wallstreet #stocks #business #rich #million‚Ä¶ https://t.co/OQa7qsmRPo";Positive;0.9323732852935791;Positive;0.9757341742515564
21;1518016845529460737;2022-04-23 23:59:54+00:00;PixelatedKitty1;False;London;400;167;295;0;16;[];[{'screen_name': 'DPdaddy24', 'name': 'Dante (Starbucksboy24)', 'id': 1507872532258566146, 'id_str': '1507872532258566146', 'indices': [3, 13]}];Hey I‚Äôm trying to get my name out there as a NFT/Crypto investor. I‚Äôm an 18 year old that is into learning about ne‚Ä¶ https://t.co/PePUKKxes1;Neutral;0.5823352336883545;Neutral;0.7668654918670654
22;1518016844791267328;2022-04-23 23:59:53+00:00;GtBuzzyBee;False;;588;625;1027;0;2;[{'text': 'BuzzWar', 'indices': [41, 49]}];[{'screen_name': 'valgalcrypto', 'name': 'ValGalCrypto (üêù,üêù) 9834', 'id': 1355985172450189353, 'id_str': '1355985172450189353', 'indices': [3, 16]}, {'screen_name': 'Aud8168', 'name': 'HATZAK Santisi (üêù,üêù) 4202', 'id': 269670753, 'id_str': '269670753', 'indices': [53, 61]}, {'screen_name': 'Crypto_Swarm', 'name': 'Social BEES (üêù,üêù)', 'id': 1341632223267602432, 'id_str': '1341632223267602432', 'indices': [62, 75]}, {'screen_name': 'NftPepi', 'name': 'RayofLight (üêù, üêù) 2060', 'id': 1426403636486234114, 'id_str': '1426403636486234114', 'indices': [76, 84]}, {'screen_name': 'Web3EthNfts', 'name': 'Ty239 (üêù,üêù)', 'id': 1101723347249963008, 'id_str': '1101723347249963008', 'indices': [85, 97]}];"1, 2 ,3 ,4 I declare a #BuzzWar !!
@Aud8168 @Crypto_Swarm @NftPepi @Web3EthNfts https://t.co/JRRHPQDZme";Neutral;0.6958124041557312;Neutral;0.5181613564491272
23;1518016843558322176;2022-04-23 23:59:53+00:00;ledxrp;False;Thainston, Scotland;813;791;47946;0;14;[];[{'screen_name': 'Belisarius2020', 'name': 'bill', 'id': 1099693976, 'id_str': '1099693976', 'indices': [3, 18]}];On the other hand time and delay is not a great weapon for a plaintiff. It points to a lack of confidence by the SE‚Ä¶ https://t.co/k5Rnc8n5hK;Negative;0.827414333820343;Negative;0.517125129699707
24;1518016842438041600;2022-04-23 23:59:53+00:00;Manny_v5;False;Las Vegas, NV;5004;1243;5586;13;2;[];[{'screen_name': '_Lady_Crypto_', 'name': 'ùêãùñÜùñâùñû üê¶ ùêÇùñóùñûùñïùñôùñî', 'id': 1389585274573709313, 'id_str': '1389585274573709313', 'indices': [0, 14]}];@_Lady_Crypto_ Trying to connect for the last 15 mins.... never have I wanted to burn so bad...üòÖ;Negative;0.5875508189201355;Negative;0.9419720768928528
25;1518016841364430850;2022-04-23 23:59:53+00:00;bilalmustafa203;False;;659;74;1483;0;8;[];[{'screen_name': 'AlphaSeeker21', 'name': 'Alpha Seeker üåò üî∫‚ãà üî¥', 'id': 985407854822617088, 'id_str': '985407854822617088', 'indices': [3, 17]}];"Be on the lookout for more crypto giveaways from me. 

If you didn't know already, I like to reward active and enga‚Ä¶ https://t.co/SOJSr7JLKL";Positive;0.8931198716163635;Positive;0.9247841835021973
26;1518016840035074048;2022-04-23 23:59:52+00:00;sunyngiwincytix;False;;1063;37;5915;0;7817;[];[{'screen_name': 'Bandit_giveaway', 'name': 'Bandit Giveaways', 'id': 158236259, 'id_str': '158236259', 'indices': [3, 19]}, {'screen_name': 'crypto_pulse', 'name': 'CRYPTOPULSEüí•üìª', 'id': 923890683143999489, 'id_str': '923890683143999489', 'indices': [64, 77]}];"$125 || 1 Winner || 24hrs

Rt &amp; follow @crypto_pulse";Neutral;0.6791503429412842;Neutral;0.562300443649292
27;1518016835991785472;2022-04-23 23:59:51+00:00;Meta_Mandela;False;Atlanta, GA;328;68;219;0;0;[];[];I really want to know this shit, cause this is a part of crypto that confuses the hell out of me, what‚Ä¶ https://t.co/AM66t7Svbn;Negative;0.9278866052627563;Negative;0.96162348985672
28;1518016832149803008;2022-04-23 23:59:50+00:00;deth_winnawin15;False;asia +63;1788;66;4463;0;0;[];[{'screen_name': 'crypto_bearr', 'name': 'CryptoüöÄRocket', 'id': 7173232, 'id_str': '7173232', 'indices': [0, 13]}];@crypto_bearr done üôèüèø https://t.co/cYmK3cLCBv;Positive;0.7276253700256348;Neutral;0.9417455792427063
29;1518016831587762176;2022-04-23 23:59:50+00:00;LUPIN197133;False;;85;45;654;0;31;[];[{'screen_name': 'joinembr', 'name': 'Embr', 'id': 1434885829869154315, 'id_str': '1434885829869154315', 'indices': [3, 12]}, {'screen_name': 'miidasnft', 'name': 'miidasnft', 'id': 1460644004094038019, 'id_str': '1460644004094038019', 'indices': [29, 39]}];Our friends at @miidasnft are the world's first non-fungible token (NFT) marketplace for both digital and physical‚Ä¶ https://t.co/vZs4AmBMLt;Positive;0.7777743935585022;Positive;0.5658833980560303
30;1518016830593396737;2022-04-23 23:59:50+00:00;prkachu;False;Indonesia;3106;73;14294;0;7817;[];[{'screen_name': 'Bandit_giveaway', 'name': 'Bandit Giveaways', 'id': 158236259, 'id_str': '158236259', 'indices': [3, 19]}, {'screen_name': 'crypto_pulse', 'name': 'CRYPTOPULSEüí•üìª', 'id': 923890683143999489, 'id_str': '923890683143999489', 'indices': [64, 77]}];"$125 || 1 Winner || 24hrs

Rt &amp; follow @crypto_pulse";Neutral;0.6791503429412842;Neutral;0.562300443649292
31;1518016830442700801;2022-04-23 23:59:50+00:00;abrilwinx;False;;463;2;770;0;10443;[];[{'screen_name': 'DaJenus', 'name': 'Jenus - Crypto Master', 'id': 225731980, 'id_str': '225731980', 'indices': [3, 11]}, {'screen_name': 'finds_crypto', 'name': 'üíé Crypto Finds', 'id': 1422837173456343042, 'id_str': '1422837173456343042', 'indices': [46, 59]}];"$75 ~ 5 Hours 

‚úÖRT &amp; Follow @finds_crypto";Neutral;0.7689420580863953;Neutral;0.9458169937133789
32;1518016830081753090;2022-04-23 23:59:50+00:00;AaryaAdor;False;;143;68;652;0;15;[];[{'screen_name': 'NoCryptoBS', 'name': 'CryptoMan', 'id': 1442822240576458752, 'id_str': '1442822240576458752', 'indices': [3, 14]}];It's rare in crypto space , to  see a Dev team wch under promise and over delivered ! Transparent and respectful to‚Ä¶ https://t.co/hVKdR9jdCF;Positive;0.8094677329063416;Neutral;0.6140060424804688
33;1518016829704138752;2022-04-23 23:59:50+00:00;Richard65731804;False;;2;0;27;0;0;[{'text': 'METAKAT', 'indices': [51, 59]}, {'text': 'METAKATArmy', 'indices': [60, 72]}, {'text': 'DAO', 'indices': [74, 78]}, {'text': 'GameFi', 'indices': [79, 86]}, {'text': 'NFTCommunity', 'indices': [87, 100]}, {'text': 'NFTGame', 'indices': [101, 109]}, {'text': 'BSC', 'indices': [110, 114]}];[{'screen_name': 'GOKUSuperSaiyon', 'name': 'GOKU', 'id': 1517486597884628993, 'id_str': '1517486597884628993', 'indices': [0, 16]}, {'screen_name': 'MetaKatFinance', 'name': 'METAKAT', 'id': 1483792055508017153, 'id_str': '1483792055508017153', 'indices': [17, 32]}];"@GOKUSuperSaiyon @MetaKatFinance Heart Heart Heart #METAKAT
#METAKATArmy  #DAO #GameFi #NFTCommunity #NFTGame #BSC‚Ä¶ https://t.co/HMG3kz2mb9";Neutral;0.5468260049819946;Neutral;0.9610164761543274
34;1518016829238751238;2022-04-23 23:59:50+00:00;Tabishjan17;False;;319;3;1068;0;588;[];[{'screen_name': 'paubok22', 'name': 'Paula', 'id': 1358069584629276674, 'id_str': '1358069584629276674', 'indices': [3, 12]}, {'screen_name': 'DFSMAFIA99', 'name': 'DFS-MAFIA TOKEN', 'id': 1460640208911802374, 'id_str': '1460640208911802374', 'indices': [22, 33]}];"NEXTGEM @DFSMAFIA99
We bring crypto innovation to fantasy sports!

Website: https://t.co/RRpKVCetGj
TG:‚Ä¶ https://t.co/CgEON1Kz9d";Positive;0.7312018275260925;Positive;0.8683680295944214
35;1518016827934216192;2022-04-23 23:59:49+00:00;raftofwater;False;California res./Arizona dom.;3549;1498;151843;0;1;[{'text': 'investment', 'indices': [91, 102]}];[{'screen_name': 'WikiTrump', 'name': 'Mitch', 'id': 713419689473474560, 'id_str': '713419689473474560', 'indices': [3, 13]}];"$BTC Kevin O‚ÄôLeary calls crypto software instead of tokens 

Should it be üí≤ #investment";Neutral;0.7035859823226929;Neutral;0.973112940788269
36;1518016827187953664;2022-04-23 23:59:49+00:00;Hamidah98_;False;;4939;329;39882;0;7817;[];[{'screen_name': 'Bandit_giveaway', 'name': 'Bandit Giveaways', 'id': 158236259, 'id_str': '158236259', 'indices': [3, 19]}, {'screen_name': 'crypto_pulse', 'name': 'CRYPTOPULSEüí•üìª', 'id': 923890683143999489, 'id_str': '923890683143999489', 'indices': [64, 77]}];"$125 || 1 Winner || 24hrs

Rt &amp; follow @crypto_pulse";Neutral;0.6791503429412842;Neutral;0.562300443649292
37;1518016826818584579;2022-04-23 23:59:49+00:00;WinstonBrown162;False;;385;46;4930;1;0;[];[{'screen_name': 'NuNation4', 'name': '‚ö°Ô∏èüö® REAL SHARK ü¶à 10x', 'id': 1357459776788119552, 'id_str': '1357459776788119552', 'indices': [0, 10]}];@NuNation4 You need to get yourself a bag of Kiba Inu. The team have put a burn function in the contract making Kib‚Ä¶ https://t.co/4gbH09timj;Neutral;0.6370767951011658;Neutral;0.9640324115753174
38;1518016824171925504;2022-04-23 23:59:48+00:00;TonyPaz;False;Miami , Florida ;757;1570;4273;0;0;[];[];üî∑ POR FIN... ‚ÄºÔ∏è ‚úÖ TRADING REAL ‚úÖ  NO ROBOTICO ‚úÖ LIBERIUM CRYPTO https://t.co/Tp2gAZlXxD;Neutral;0.8273714184761047;Neutral;0.9740937352180481
39;1518016823500976131;2022-04-23 23:59:48+00:00;evm_shop;False;EVM;1217;743;3924;1;0;[];[];I need to learn more about radio/offline crypto transactions...seems very interesting...;Positive;0.9407862424850464;Positive;0.9502761363983154
40;1518016821793673216;2022-04-23 23:59:48+00:00;CleanDegen;False;United States;2250;2206;1846;4;0;[];[{'screen_name': 'GACCSalesBot', 'name': 'GrandpaApeCCSales', 'id': 1499402494492872708, 'id_str': '1499402494492872708', 'indices': [0, 13]}, {'screen_name': 'MeccasoulTC', 'name': 'TC', 'id': 49546551, 'id_str': '49546551', 'indices': [14, 26]}, {'screen_name': 'MpRuss1996', 'name': 'MpRuss', 'id': 1497673271931723787, 'id_str': '1497673271931723787', 'indices': [27, 38]}, {'screen_name': 'BackRaff', 'name': 'Raff is Back üéØ', 'id': 1481798436294995968, 'id_str': '1481798436294995968', 'indices': [39, 48]}, {'screen_name': 'morens_crypto', 'name': 'Reno Mo', 'id': 1496996629349429270, 'id_str': '1496996629349429270', 'indices': [49, 63]}, {'screen_name': 'dama7944', 'name': 'dama7944 üêß', 'id': 1365591793127972872, 'id_str': '1365591793127972872', 'indices': [64, 73]}, {'screen_name': 'Jmuncino1', 'name': 'JMuncino', 'id': 1456020990677368835, 'id_str': '1456020990677368835', 'indices': [74, 84]}, {'screen_name': 'Benjamenmart', 'name': 'StonedDegen / BenMart', 'id': 1463740746192719879, 'id_str': '1463740746192719879', 'indices': [85, 98]}, {'screen_name': 'bS5poYS4eUNuwGL', 'name': 'Cana-NFTTTTTTTTTT‚Üí‚Üí‚Üí', 'id': 1393771569680326657, 'id_str': '1393771569680326657', 'indices': [99, 115]}];@GACCSalesBot @MeccasoulTC @MpRuss1996 @BackRaff @morens_crypto @dama7944 @Jmuncino1 @Benjamenmart @bS5poYS4eUNuwGL‚Ä¶ https://t.co/0fOh2EAxNF;Neutral;0.8543962836265564;Neutral;0.9484729766845703
41;1518016821282373632;2022-04-23 23:59:48+00:00;MikeyPearce6;False;Perth, Western Australia;280;56;382;0;131;[{'text': 'Terareum', 'indices': [34, 43]}];[{'screen_name': 'terareum', 'name': 'Terareum', 'id': 1473888511656873985, 'id_str': '1473888511656873985', 'indices': [3, 12]}];"Technology update:

#Terareum will start the development of Crypto Payment Gateway system ‚ÄúTERAPAY‚Äù. That will offe‚Ä¶ https://t.co/fggm7uHzDI";Neutral;0.656857967376709;Neutral;0.8084099888801575
42;1518016818710941697;2022-04-23 23:59:47+00:00;DefiDaddy88;False;Australia;653;81;332;0;11;[{'text': 'DEFiDO', 'indices': [88, 95]}, {'text': 'comebackDOG', 'indices': [96, 108]}, {'text': '1000x', 'indices': [109, 115]}];[{'screen_name': 'J_crypto12', 'name': 'J-Crypto', 'id': 1480315280932978694, 'id_str': '1480315280932978694', 'indices': [3, 14]}, {'screen_name': 'Crypto_Penn', 'name': 'Penn Griffey Jr.', 'id': 1299626130882822145, 'id_str': '1299626130882822145', 'indices': [16, 28]}, {'screen_name': 'defidotoken', 'name': 'DEFiDO NFT Soon', 'id': 1424693773636751362, 'id_str': '1424693773636751362', 'indices': [43, 55]}];@Crypto_Penn The answer is @defidotoken. V3 and NFT launch very soon üöÄüê∂ #DEFiDO #comebackDOG #1000x https://t.co/Q45lxNW4Hi;Positive;0.8527860045433044;Neutral;0.6404159665107727
43;1518016817989447681;2022-04-23 23:59:47+00:00;snowly309;False;;2500;114;11512;0;811;[{'text': 'Metaverse', 'indices': [41, 51]}, {'text': 'Hedera', 'indices': [74, 81]}];[{'screen_name': 'IlysianOrigins', 'name': 'Ilysian Origins NFT', 'id': 1466861471128772611, 'id_str': '1466861471128772611', 'indices': [3, 18]}];"üìëDETAILS MATTERüìë
Our #Metaverse  will be built on the #Hedera  Hashgraph to ensure speed, security and scalability.‚Ä¶ https://t.co/dTh35piI5g";Neutral;0.625174343585968;Positive;0.6368556618690491
44;1518016816064659456;2022-04-23 23:59:46+00:00;irmayuli_1;False;Jakarta Utara;10572;14803;248272;0;10443;[];[{'screen_name': 'DaJenus', 'name': 'Jenus - Crypto Master', 'id': 225731980, 'id_str': '225731980', 'indices': [3, 11]}, {'screen_name': 'finds_crypto', 'name': 'üíé Crypto Finds', 'id': 1422837173456343042, 'id_str': '1422837173456343042', 'indices': [46, 59]}];"$75 ~ 5 Hours 

‚úÖRT &amp; Follow @finds_crypto";Neutral;0.7689420580863953;Neutral;0.9458169937133789
45;1518016814315237376;2022-04-23 23:59:46+00:00;369Win;False;;2453;49;6317;0;10443;[];[{'screen_name': 'DaJenus', 'name': 'Jenus - Crypto Master', 'id': 225731980, 'id_str': '225731980', 'indices': [3, 11]}, {'screen_name': 'finds_crypto', 'name': 'üíé Crypto Finds', 'id': 1422837173456343042, 'id_str': '1422837173456343042', 'indices': [46, 59]}];"$75 ~ 5 Hours 

‚úÖRT &amp; Follow @finds_crypto";Neutral;0.7689420580863953;Neutral;0.9458169937133789
46;1518016813946515456;2022-04-23 23:59:46+00:00;serassko;False;England;73;6;159;0;4648;[{'text': 'Giveaway', 'indices': [106, 115]}, {'text': 'BTC', 'indices': [116, 120]}, {'text': 'Crypto', 'indices': [121, 128]}];[{'screen_name': 'ROSHTEINS', 'name': 'Roshtein', 'id': 4921627259, 'id_str': '4921627259', 'indices': [3, 13]}];"Saturday 5K Giveaway ‚úäüèº

Follow, retweet + tag a friend ü§∑üèª‚Äç‚ôÇÔ∏è

Make sure u can accept DMs

#Giveaway #BTC #Crypto 

GOOD LUCK!";Positive;0.682563304901123;Positive;0.9429160952568054
47;1518016813719859200;2022-04-23 23:59:46+00:00;JustinKramarenk;False;;599;180;2302;0;0;[];[];check this game out trust you don't want to look back 10 years  from now with hind-sight like i should have or coul‚Ä¶ https://t.co/mI5q52lKl4;Neutral;0.48129981756210327;Neutral;0.917199969291687
48;1518016813480751104;2022-04-23 23:59:46+00:00;BBobpruitt4;False;;101;27;677;0;0;[];[{'screen_name': 'ScandinaviNymph', 'name': 'Reikie üßöüèº\u200d‚ôÇÔ∏è', 'id': 1390945334285766657, 'id_str': '1390945334285766657', 'indices': [0, 16]}];@ScandinaviNymph If you are in to crypto,you should look in Volt Inu V2 ‚ö°. Just a suggestion. Watch out for scammer‚Ä¶ https://t.co/6SbudM9N2D;Negative;0.5704846978187561;Neutral;0.6836932301521301
49;1518016812113301504;2022-04-23 23:59:46+00:00;Sjnijjaehyun;False;Jaehyun;778;435;10893;0;13029;[];[{'screen_name': 'Shill_Ronin', 'name': 'Shill Ronin', 'id': 1431348193862701058, 'id_str': '1431348193862701058', 'indices': [3, 15]}, {'screen_name': 'Crypto_Capri', 'name': 'Crypto Capri', 'id': 105760246, 'id_str': '105760246', 'indices': [56, 69]}];"$150 | 2.1 JT ‚Ä¢ 12 hrs ‚Ä¢ rt

‚û°Ô∏è follow @Crypto_Capri";Neutral;0.8848575353622437;Neutral;0.9782062768936157
50;1518016809336655872;2022-04-23 23:59:45+00:00;watreowin;False;heejake;1967;542;38747;0;10767;[];[{'screen_name': 'missufe', 'name': 'jihan ü¶Ñ', 'id': 1461324154381103112, 'id_str': '1461324154381103112', 'indices': [3, 11]}, {'screen_name': 'crypto_bearr', 'name': 'CryptoüöÄRocket', 'id': 7173232, 'id_str': '7173232', 'indices': [65, 78]}];"$80 | 1.120.000 IDR in 5 Hours ü¶Ñ

- RT &amp; Follow @crypto_bearr (üîî) + RT üìå";Neutral;0.8000584244728088;Neutral;0.9665643572807312
51;1518016809085325312;2022-04-23 23:59:45+00:00;prettybpoy1983;False;;983;93;1946;0;0;[];[{'screen_name': 'riyazkhan300', 'name': 'Riyazkhan300', 'id': 1168187748231987201, 'id_str': '1168187748231987201', 'indices': [0, 13]}, {'screen_name': 'TerkehhBsc', 'name': 'Terkehh #BSC', 'id': 1447069758839353344, 'id_str': '1447069758839353344', 'indices': [14, 25]}];@riyazkhan300 @TerkehhBsc This is one of the biggest scams in the Crypto market, but I don't understand why it can'‚Ä¶ https://t.co/JoLSuG4HNq;Negative;0.9049281477928162;Negative;0.9596667289733887
52;1518016808770441216;2022-04-23 23:59:45+00:00;missufeebiggwin;False;;1101;97;5302;0;811;[{'text': 'Metaverse', 'indices': [41, 51]}, {'text': 'Hedera', 'indices': [74, 81]}];[{'screen_name': 'IlysianOrigins', 'name': 'Ilysian Origins NFT', 'id': 1466861471128772611, 'id_str': '1466861471128772611', 'indices': [3, 18]}];"üìëDETAILS MATTERüìë
Our #Metaverse  will be built on the #Hedera  Hashgraph to ensure speed, security and scalability.‚Ä¶ https://t.co/dTh35piI5g";Neutral;0.625174343585968;Positive;0.6368556618690491
53;1518016808002891776;2022-04-23 23:59:45+00:00;disberam;False;;235;191;6446;0;225;[{'text': 'VoltInu', 'indices': [16, 24]}];[{'screen_name': 'JakeGagain', 'name': 'Jake Gagain', 'id': 1355014327988707329, 'id_str': '1355014327988707329', 'indices': [3, 14]}];"#VoltInu Has Officially Partnered With The #1 Security Firm In Crypto To Audit The $VOLT Smart Contracts. 

The‚Ä¶ https://t.co/kFAIiBqgO2";Neutral;0.7315090894699097;Neutral;0.707652747631073
54;1518016803511111680;2022-04-23 23:59:44+00:00;cloveraz_;False;Àñ.¬¥Ô∏∂`‚ô°Ã∑Ã∏manifest' april bigwin;3770;939;44466;0;10443;[];[{'screen_name': 'DaJenus', 'name': 'Jenus - Crypto Master', 'id': 225731980, 'id_str': '225731980', 'indices': [3, 11]}, {'screen_name': 'finds_crypto', 'name': 'üíé Crypto Finds', 'id': 1422837173456343042, 'id_str': '1422837173456343042', 'indices': [46, 59]}];"$75 ~ 5 Hours 

‚úÖRT &amp; Follow @finds_crypto";Neutral;0.7689420580863953;Neutral;0.9458169937133789
55;1518016801833062400;2022-04-23 23:59:43+00:00;DefiDaddy88;False;Australia;653;81;332;0;10;[];[{'screen_name': 'lodelbarri', 'name': 'Marc', 'id': 1465369003396841489, 'id_str': '1465369003396841489', 'indices': [3, 14]}, {'screen_name': 'Crypto_Penn', 'name': 'Penn Griffey Jr.', 'id': 1299626130882822145, 'id_str': '1299626130882822145', 'indices': [16, 28]}];@Crypto_Penn The team and the faithful community never abandoned $DEFiDO‚Ä¶ big things are coming and we will fight u‚Ä¶ https://t.co/D2761XXdG4;Positive;0.9555140733718872;Positive;0.8324869275093079
56;1518016798570037248;2022-04-23 23:59:42+00:00;Abass77034903;False;South Africa;45;1;189;0;0;[{'text': 'Floods', 'indices': [13, 20]}, {'text': 'KZN', 'indices': [24, 28]}];[{'screen_name': 'MikeDulaimi', 'name': 'Mikey', 'id': 544862804, 'id_str': '544862804', 'indices': [0, 12]}];@MikeDulaimi #Floods in #KZN left people home less some lost their friends and family members  please help you can‚Ä¶ https://t.co/5Vw1ggXGIb;Negative;0.7815715074539185;Negative;0.942150354385376
57;1518016795961339904;2022-04-23 23:59:42+00:00;gac_long;False;Dubai, United Arab Emirates;71;23;672;0;170;[{'text': 'BTC', 'indices': [20, 24]}];[{'screen_name': 'AurelienOhayon', 'name': 'TAnalyst', 'id': 1494342250544914438, 'id_str': '1494342250544914438', 'indices': [3, 18]}];"#BTC THE 4TH CORRECTIVE PHASE ENDS.

1. The corrective phases progress in parallel channels.
2. The corrective phas‚Ä¶ https://t.co/1XvR6rAZz4";Neutral;0.9089463949203491;Neutral;0.7955993413925171
58;1518016795298639873;2022-04-23 23:59:42+00:00;achiiyego_;False;KWANGYA;959;26;3131;0;10443;[];[{'screen_name': 'DaJenus', 'name': 'Jenus - Crypto Master', 'id': 225731980, 'id_str': '225731980', 'indices': [3, 11]}, {'screen_name': 'finds_crypto', 'name': 'üíé Crypto Finds', 'id': 1422837173456343042, 'id_str': '1422837173456343042', 'indices': [46, 59]}];"$75 ~ 5 Hours 

‚úÖRT &amp; Follow @finds_crypto";Neutral;0.7689420580863953;Neutral;0.9458169937133789
59;1518016793125732353;2022-04-23 23:59:41+00:00;RacingGlue;False;Florida;987;2257;5402;8;0;[];[{'screen_name': 'clownassasin', 'name': 'clownassasin', 'id': 270117842, 'id_str': '270117842', 'indices': [0, 13]}, {'screen_name': 'SEANvsALL', 'name': 'Sean', 'id': 1349586659747262472, 'id_str': '1349586659747262472', 'indices': [14, 24]}, {'screen_name': 'FernwehStables', 'name': 'Amber', 'id': 1483658184057569282, 'id_str': '1483658184057569282', 'indices': [25, 40]}, {'screen_name': 'an1eth', 'name': 'Ani Mkhitaryan', 'id': 1315423578888732673, 'id_str': '1315423578888732673', 'indices': [41, 48]}, {'screen_name': 'xMJ_GAMINGx', 'name': 'MJ Gaming // MVG üá∫üá¶', 'id': 1348301795064487940, 'id_str': '1348301795064487940', 'indices': [49, 61]}, {'screen_name': 'SusanLeenaars', 'name': 'Suzziejq', 'id': 711841401311375360, 'id_str': '711841401311375360', 'indices': [62, 76]}, {'screen_name': 'BootsInTheBooth', 'name': 'TheCEO.eth Aka Boots The Voice of Zed Run', 'id': 1475674285482119170, 'id_str': '1475674285482119170', 'indices': [77, 93]}, {'screen_name': 'prospect_hodl', 'name': 'Prospect Hodl Co // MVG', 'id': 1443364741817249792, 'id_str': '1443364741817249792', 'indices': [94, 108]}];@clownassasin @SEANvsALL @FernwehStables @an1eth @xMJ_GAMINGx @SusanLeenaars @BootsInTheBooth @prospect_hodl‚Ä¶ https://t.co/JQsoHtiZab;Neutral;0.8713884353637695;Neutral;0.9484366178512573
60;1518016788562386946;2022-04-23 23:59:40+00:00;danielfn234;False;Angola;21;3;31;0;1059;[{'text': 'airdrop', 'indices': [101, 109]}];[{'screen_name': 'RunexTech', 'name': 'RunexTechnologies', 'id': 1512059173046947849, 'id_str': '1512059173046947849', 'indices': [3, 13]}];Dear community, the last preparations are left and we are ready to announce our first #airdrop.Follow the updates i‚Ä¶ https://t.co/TGtIs8TMq0;Positive;0.6070592999458313;Neutral;0.8466346263885498
61;1518016788013142016;2022-04-23 23:59:40+00:00;c00I3n;False;India;768;88;2010;0;169;[{'text': 'NFT', 'indices': [33, 37]}];[{'screen_name': 'tec9buddha', 'name': 'Tec9buddha', 'id': 1482190223220035587, 'id_str': '1482190223220035587', 'indices': [3, 14]}, {'screen_name': 'TEENSONACID', 'name': 'TEENSONACID üëª TOA', 'id': 28762996, 'id_str': '28762996', 'indices': [68, 80]}];"Want a Free $FTM #NFT ? How bout this Acid Cat from @teensonacid newest collection?
For a chance to win : 
1.Follow‚Ä¶ https://t.co/uqqzsZd7sR";Positive;0.5451605319976807;Neutral;0.693310558795929
62;1518016787757076482;2022-04-23 23:59:40+00:00;Itz_real_davies;False;;21;3;58;0;3;[];[{'screen_name': 'drealblessing1', 'name': 'd_real.blessing', 'id': 1303618303466901505, 'id_str': '1303618303466901505', 'indices': [3, 18]}, {'screen_name': 'Ralvero', 'name': 'RALVŒûRO', 'id': 37794688, 'id_str': '37794688', 'indices': [20, 28]}];"@Ralvero FOIL wrapped assets creating a new breed of crypto assets mixed basket synths, cold econtainer secure, wi‚Ä¶ https://t.co/xb628beulB";Neutral;0.5166356563568115;Neutral;0.5018647313117981
63;1518016787006345216;2022-04-23 23:59:40+00:00;CRYPTO_DANGLER;False;;2492;560;4408;1;0;[];[{'screen_name': 'noonbirds', 'name': 'Noonbirds (MINTING NOW)', 'id': 1417288151941398535, 'id_str': '1417288151941398535', 'indices': [0, 10]}];@noonbirds will be bigger than moon birds cause we starting from nothing!!!! LFG;Positive;0.858367383480072;Neutral;0.809248149394989
64;1518016786964262913;2022-04-23 23:59:40+00:00;wonlyeol;False;bca dana qris;4820;652;37523;0;4930;[];[{'screen_name': 'bunniefied', 'name': 'bunnie üêá', 'id': 4080715212, 'id_str': '4080715212', 'indices': [3, 14]}, {'screen_name': 'finds_crypto', 'name': 'üíé Crypto Finds', 'id': 1422837173456343042, 'id_str': '1422837173456343042', 'indices': [64, 77]}];"$30 | 420k IDR ~ 240 MINS

RT like &amp; follow @finds_crypto";Neutral;0.823395848274231;Neutral;0.9576857686042786
65;1518016785764974593;2022-04-23 23:59:39+00:00;_voyuer;False;Philippine ;4459;289;75669;0;866;[];[{'screen_name': 'cryptoikar', 'name': 'Ika Linka', 'id': 1466886007119355926, 'id_str': '1466886007119355926', 'indices': [3, 14]}];At BULLEAR Marketing Agency, we aim to take a creative approach on every client and business. This is what sets up‚Ä¶ https://t.co/fzxV79nOcV;Positive;0.5150402784347534;Positive;0.7119457721710205
66;1518016785357889536;2022-04-23 23:59:39+00:00;mohsen88871746;False;;22;25;2998;0;0;[{'text': 'collidercraftworks', 'indices': [34, 53]}, {'text': 'chosenfaction', 'indices': [55, 69]}];[{'screen_name': 'crypto_monka', 'name': 'CRYPTO Monka üêµ', 'id': 1500118939661127680, 'id_str': '1500118939661127680', 'indices': [0, 13]}];"@crypto_monka Chosen Always First
#collidercraftworks  #chosenfaction";Neutral;0.819513738155365;Neutral;0.5734968781471252
67;1518016783042576384;2022-04-23 23:59:39+00:00;Marufvai99;False;;468;42;618;0;4037;[];[{'screen_name': 'BlocKombat', 'name': 'BlocKombat', 'id': 1504532786572582920, 'id_str': '1504532786572582920', 'indices': [3, 14]}, {'screen_name': 'BlocKombat', 'name': 'BlocKombat', 'id': 1504532786572582920, 'id_str': '1504532786572582920', 'indices': [21, 32]}];"Join @BlocKombat  
PRIVATE &amp; IDO starts soon üî•üöÄüöÄ

BlocKombat is a P2E (play to earn) 3D multi-chain, GameFi ecosyst‚Ä¶ https://t.co/dmp0BpXKFx";Positive;0.8270485401153564;Neutral;0.5470931529998779
68;1518016782455701504;2022-04-23 23:59:38+00:00;josegarra_;False;;227;64;73;3;0;[];[];Drivers of the next bull market:  ‚Äî New BTC ATH  ‚Äî Growth in creator economy powered by social tokens and experienc‚Ä¶ https://t.co/ne0RtEmZLm;Positive;0.7747054100036621;Positive;0.6534155011177063
69;1518016781830561793;2022-04-23 23:59:38+00:00;schmeltz_steven;False;Toms River, NJ;276;128;122;0;1;[];[{'screen_name': 'schmeltz_steven', 'name': 'Steven Schmeltz', 'id': 1517466038195023872, 'id_str': '1517466038195023872', 'indices': [3, 19]}, {'screen_name': 'JudyLar74152347', 'name': 'Judy Larson', 'id': 1511306544994045955, 'id_str': '1511306544994045955', 'indices': [21, 37]}];@JudyLar74152347 BR how about a pick between Elon Musk, Jeff Besos or Jack Twit ??? Lmk Please Peace Out Unity thro‚Ä¶ https://t.co/EZgacRnGaI;Neutral;0.8318381905555725;Neutral;0.6506098508834839
70;1518016780769316864;2022-04-23 23:59:38+00:00;jason8872;False;;32;15;449;9;4;[];[{'screen_name': 'Crypto_Seeker_', 'name': 'Crypto_Seeker', 'id': 1466023513312145410, 'id_str': '1466023513312145410', 'indices': [0, 15]}, {'screen_name': 'Milktoast22', 'name': 'Matt Kilgore', 'id': 270683442, 'id_str': '270683442', 'indices': [16, 28]}, {'screen_name': 'CryptoGemsCom', 'name': 'Crypto Gems üíéüíéüíé', 'id': 352619090, 'id_str': '352619090', 'indices': [29, 43]}, {'screen_name': 'gnlenergy', 'name': 'Green Life Energy Global (GNL)', 'id': 1430476085624442885, 'id_str': '1430476085624442885', 'indices': [44, 54]}, {'screen_name': 'Crypblast', 'name': 'CryptoBlast', 'id': 1432859507978289155, 'id_str': '1432859507978289155', 'indices': [55, 65]}, {'screen_name': 'DBT_Official', 'name': 'Disco Burn Token', 'id': 1442635194511593472, 'id_str': '1442635194511593472', 'indices': [66, 79]}, {'screen_name': 'CMCCOIN2000', 'name': 'CMC COIN', 'id': 1438112434104016899, 'id_str': '1438112434104016899', 'indices': [80, 92]}];@Crypto_Seeker_ @Milktoast22 @CryptoGemsCom @gnlenergy @Crypblast @DBT_Official @CMCCOIN2000 GNL will change the wo‚Ä¶ https://t.co/Jt9zsdZo8p;Neutral;0.8039918541908264;Neutral;0.6571767926216125
71;1518016780496621568;2022-04-23 23:59:38+00:00;DefiDaddy88;False;Australia;653;81;332;0;10;[{'text': 'defido', 'indices': [44, 51]}, {'text': 'NFT', 'indices': [112, 116]}];[{'screen_name': 'hodlthefomo', 'name': 'hodlthefomo', 'id': 1412527723939995648, 'id_str': '1412527723939995648', 'indices': [3, 15]}, {'screen_name': 'Crypto_Penn', 'name': 'Penn Griffey Jr.', 'id': 1299626130882822145, 'id_str': '1299626130882822145', 'indices': [17, 29]}];@Crypto_Penn You know it‚Äôs #defido, the move back to being a top dog has started. Next step is #NFT and V3 then the‚Ä¶ https://t.co/6uP3DmtC42;Positive;0.6647258996963501;Neutral;0.8994628190994263
72;1518016778948984835;2022-04-23 23:59:38+00:00;cryptotronx_;False;;1886;102;5604;0;0;[];[{'screen_name': 'SolKaiNFT', 'name': 'SolKai | NFT Promoter', 'id': 1476955311671951362, 'id_str': '1476955311671951362', 'indices': [0, 10]}, {'screen_name': 'TheStonedFrogs', 'name': 'The Stoned Frogs | Sold Out', 'id': 1446491168494264354, 'id_str': '1446491168494264354', 'indices': [11, 26]}, {'screen_name': 'AlmoutazMansour', 'name': 'Crypezzo', 'id': 1267448042896187392, 'id_str': '1267448042896187392', 'indices': [27, 43]}, {'screen_name': 'crypto_zyzz', 'name': 'ZYZZ', 'id': 1189886254806175746, 'id_str': '1189886254806175746', 'indices': [44, 56]}, {'screen_name': 'mmarcrypto', 'name': 'Ammar M.', 'id': 1398009176941494276, 'id_str': '1398009176941494276', 'indices': [57, 68]}];"@SolKaiNFT @TheStonedFrogs @AlmoutazMansour @crypto_zyzz @mmarcrypto 
This is awesome üî•";Positive;0.9388760924339294;Positive;0.9497540593147278
73;1518016777070030850;2022-04-23 23:59:37+00:00;C64x1;False;New Hampshire;173;28;1249;0;1;[{'text': 'crypto', 'indices': [54, 61]}, {'text': 'cryptos', 'indices': [62, 70]}, {'text': 'cryptocurrency', 'indices': [100, 115]}, {'text': 'cryptotrading', 'indices': [116, 130]}];[{'screen_name': 'Swissonecapital', 'name': 'SwissOne Capital', 'id': 1031871973696172032, 'id_str': '1031871973696172032', 'indices': [3, 19]}];"If someone handed you ‚Ç¨300, what #crypto/#cryptos are you buying right now? ü§î

#cryptocurrency #cryptotrading‚Ä¶ https://t.co/tPiMOMp5xs";Neutral;0.8574259877204895;Neutral;0.9107186198234558
74;1518016775450861573;2022-04-23 23:59:37+00:00;Mamanae100194;False;;525;35;517;0;3324;[{'text': 'GameFi', 'indices': [52, 59]}];[{'screen_name': 'EnginesOfFury', 'name': 'Engines of Fury', 'id': 1448267429059207170, 'id_str': '1448267429059207170', 'indices': [3, 17]}];"3-2-1 ‚öîÔ∏èWelcome to the future of #GameFi! üèüüí•

Bringing gaming experience that crypto players deserve:

üéÆ Immersive‚Ä¶ https://t.co/3IJsqdmxyY";Positive;0.9371209144592285;Positive;0.9894328713417053
75;1518016774314278921;2022-04-23 23:59:37+00:00;NotAnotherRugpl;False;;334;374;1801;0;127;[];[{'screen_name': 'adifanatiu', 'name': 'Adrian Fanatiu', 'id': 229268947, 'id_str': '229268947', 'indices': [3, 14]}];"This just struck me while working on the PXL Staking platform (yes, it's coming out soon!).

1/n
One of the main re‚Ä¶ https://t.co/GFxZBywLxc";Positive;0.7612043619155884;Neutral;0.6183022260665894
76;1518016773152739330;2022-04-23 23:59:36+00:00;prettybpoy1983;False;;983;93;1946;0;0;[];[{'screen_name': '__Mayden__', 'name': 'Mayden', 'id': 1069931448042426369, 'id_str': '1069931448042426369', 'indices': [0, 11]}, {'screen_name': 'TerkehhBsc', 'name': 'Terkehh #BSC', 'id': 1447069758839353344, 'id_str': '1447069758839353344', 'indices': [12, 23]}];@__Mayden__ @TerkehhBsc This is one of the biggest scams in the Crypto market, but I don't understand why it can't‚Ä¶ https://t.co/QXrLZj5gT8;Negative;0.9021943807601929;Negative;0.9578714370727539
77;1518016770845683713;2022-04-23 23:59:36+00:00;Fatih03_03;False;;146;3;151;0;15694;[];[{'screen_name': 'CryptoChampionN', 'name': 'CryptoChampion News', 'id': 1494262854630850560, 'id_str': '1494262854630850560', 'indices': [3, 19]}];"üëã Hello everyone, Welcome to CryptoChampion

üîπ Introduction:
‚ñ™Ô∏è CryptoChampion is a global community of crypto love‚Ä¶ https://t.co/hxz3OiPzn1";Positive;0.7336714267730713;Positive;0.9802149534225464
78;1518016770505908225;2022-04-23 23:59:36+00:00;LiamStone01;False;;32;6;108;0;0;[];[];Send a message on telegram  to @Crypto_masun01 for more analysis and updates.üèÜ https://t.co/DPlCBLaLyQ;Neutral;0.7799086570739746;Neutral;0.9459474682807922
79;1518016769428189184;2022-04-23 23:59:35+00:00;Theronspace;False;;163;26;361;0;281;[];[{'screen_name': 'TheStonedFrogs', 'name': 'The Stoned Frogs | Sold Out', 'id': 1446491168494264354, 'id_str': '1446491168494264354', 'indices': [3, 18]}];"Froggos not only breaking records but also changing crypto terms üê∏ 
-blue chip project is now green chip projectüíö 
-bullish is now froggishüöÄ";Positive;0.9303758144378662;Neutral;0.5025916695594788
80;1518016767762776064;2022-04-23 23:59:35+00:00;AltcoinFGI;False;;128;5787;94578;0;0;[{'text': 'NEAR', 'indices': [73, 78]}];[];"NEAR Protocol Fear and Greed Index is currently 56 - MILD GREED

Current #NEAR price is 15.34817249641186 usd
Curre‚Ä¶ https://t.co/61YiAbyftb";Neutral;0.6952497363090515;Neutral;0.6242326498031616
81;1518016766118617088;2022-04-23 23:59:35+00:00;GtBuzzyBee;False;;588;625;1027;0;4;[{'text': 'BuzzWar', 'indices': [42, 50]}];[{'screen_name': 'Azhomesvictoria', 'name': 'Azhomeswithvictoria', 'id': 965980919520665601, 'id_str': '965980919520665601', 'indices': [3, 19]}, {'screen_name': 'valgalcrypto', 'name': 'ValGalCrypto (üêù,üêù) 9834', 'id': 1355985172450189353, 'id_str': '1355985172450189353', 'indices': [53, 66]}, {'screen_name': 'sushisamuraigo', 'name': 'Sushi Samurai (üêù,üêù)', 'id': 72507257, 'id_str': '72507257', 'indices': [67, 82]}, {'screen_name': 'Aud8168', 'name': 'HATZAK Santisi (üêù,üêù) 4202', 'id': 269670753, 'id_str': '269670753', 'indices': [108, 116]}];#1-2-3-4 I declare a #BuzzWar!! @valgalcrypto @sushisamuraigo ... I can't do apps like @Aud8168 but here's my video‚Ä¶ https://t.co/woAn4JGkGw;Neutral;0.4979556202888489;Positive;0.8884428143501282
82;1518016765330358272;2022-04-23 23:59:34+00:00;SwarnaS67;False;;1796;119;2679;0;8423;[];[{'screen_name': 'CryptoTownEU', 'name': 'CryptoTown', 'id': 1034478294677250048, 'id_str': '1034478294677250048', 'indices': [3, 16]}];"üöÄ Airdrop: SafuTitano
üí∞ Value: 10 $SAFTI
üë• Referral: 50 $SAFTI
üìä Exchange: CoinMarketCap, CoinGecko, PancakeSwap
üìº‚Ä¶ https://t.co/xP9xMET3a3";Positive;0.4983336627483368;Neutral;0.9468850493431091
83;1518016764604526593;2022-04-23 23:59:34+00:00;neiltravers;False;Everywhere;1063;343;797;1;0;[];[{'screen_name': 'danielgothits', 'name': 'daniel.soccergang.eth', 'id': 141784177, 'id_str': '141784177', 'indices': [0, 14]}, {'screen_name': 'soy_eth', 'name': 'soy.eth', 'id': 1321556941764743171, 'id_str': '1321556941764743171', 'indices': [15, 23]}, {'screen_name': 'Gee__Gazza', 'name': 'GeeGazza \uea00', 'id': 1097844786743136256, 'id_str': '1097844786743136256', 'indices': [24, 35]}];@danielgothits @soy_eth @Gee__Gazza Risks to ensers, normies onboarded into crypto via coinbase will by default get‚Ä¶ https://t.co/8javqEDlcS;Neutral;0.8530686497688293;Neutral;0.8461971879005432
84;1518016763576954880;2022-04-23 23:59:34+00:00;nftp0sts;False;;0;14;1141;2;1;[];[];How to ‚ÄòDo Your Own Research‚Äô on DeFi and NFTs | by Daniel (crypto is good) | The Internet Computer Review | Apr, 2‚Ä¶ https://t.co/zTSEWw7q1a;Positive;0.6266133189201355;Neutral;0.7908925414085388
85;1518016759802085376;2022-04-23 23:59:33+00:00;dizu555;False;;1384;6;1643;0;390;[];[{'screen_name': '_PeaceDao', 'name': 'Peace', 'id': 512777167, 'id_str': '512777167', 'indices': [3, 13]}];üïäPeace DAO Roadmap V2 had official released yet.  Join the Caesars_Calls AMA on April 17 UTC 12 , let figure out th‚Ä¶ https://t.co/V7gSe0FE3v;Neutral;0.8960872888565063;Neutral;0.9608613848686218
86;1518016755272142848;2022-04-23 23:59:32+00:00;SensitiveSuit;False;;100;22;334;0;0;[];[{'screen_name': 'Cameronfous', 'name': 'Cameron Fous', 'id': 14297693, 'id_str': '14297693', 'indices': [0, 12]}];@Cameronfous 30k, if crypto was a hedge against inflation it would be booming. Correlated with negative market sent‚Ä¶ https://t.co/Vq7SM2nOTg;Neutral;0.5916013717651367;Negative;0.49733227491378784
87;1518016754181718016;2022-04-23 23:59:32+00:00;yekoots;False;;638;541;17853;0;27;[{'text': 'CRYPTO', 'indices': [33, 40]}, {'text': 'Passive', 'indices': [117, 125]}];[{'screen_name': 'YashaDaoManiac0', 'name': 'YashaDaoManiac', 'id': 1515026589448171523, 'id_str': '1515026589448171523', 'indices': [3, 19]}];"THIS IS THE #CRYPTO THAT WILL MAKE YOU RICH WITHOUT SELLING!
EVERYONE IS BUYING NOW, SO HURRY!

#Passive Income wit‚Ä¶ https://t.co/ygrIVXgKh3";Positive;0.9027541279792786;Positive;0.9262494444847107
88;1518016748611678208;2022-04-23 23:59:30+00:00;ManifestCro;False;;75;20;424;0;19;[{'text': 'CryptocurrencyNews', 'indices': [77, 96]}, {'text': 'DeFi', 'indices': [97, 102]}, {'text': 'doge', 'indices': [103, 108]}, {'text': 'voltinu', 'indices': [109, 117]}, {'text': 'exchange', 'indices': [118, 127]}];[{'screen_name': 'Spider90832891', 'name': 'Spider Crypto', 'id': 1477751179979407373, 'id_str': '1477751179979407373', 'indices': [3, 18]}];"Centralized Crypto Exchanges Begin To Fomo for Volt Inu

#CryptocurrencyNews #DeFi #doge #voltinu #exchange‚Ä¶ https://t.co/KMH44jhWff";Neutral;0.9046398997306824;Neutral;0.9263781309127808
89;1518016746867019778;2022-04-23 23:59:30+00:00;evabulu;False;;257;29;801;0;4467;[];[{'screen_name': 'jscmine', 'name': 'Buna‚ô°', 'id': 1053318427639574528, 'id_str': '1053318427639574528', 'indices': [3, 11]}, {'screen_name': 'finds_crypto', 'name': 'üíé Crypto Finds', 'id': 1422837173456343042, 'id_str': '1422837173456343042', 'indices': [68, 81]}];"$30 | 420.000 IDR IN 4HOURSüïä

~ rt, like &amp; follow

@finds_crypto";Neutral;0.687715470790863;Neutral;0.9448242783546448
90;1518016746661294080;2022-04-23 23:59:30+00:00;Sunshin02291771;False;;10;8;496;0;0;[];[{'screen_name': 'lazerwalker', 'name': 'emilia ‚ú®', 'id': 19924413, 'id_str': '19924413', 'indices': [0, 12]}, {'screen_name': 'itchio', 'name': 'itch.io', 'id': 445189971, 'id_str': '445189971', 'indices': [13, 20]}];"@lazerwalker @itchio Get professional Crypto wallet app, crypto trading wallet app, BLOCKCHAIN app now

https://t.co/2XAPEBt6Uq";Neutral;0.6432957053184509;Neutral;0.614460289478302
91;1518016744233009152;2022-04-23 23:59:29+00:00;bigwinzkdlin;False;;491;154;1274;0;10443;[];[{'screen_name': 'DaJenus', 'name': 'Jenus - Crypto Master', 'id': 225731980, 'id_str': '225731980', 'indices': [3, 11]}, {'screen_name': 'finds_crypto', 'name': 'üíé Crypto Finds', 'id': 1422837173456343042, 'id_str': '1422837173456343042', 'indices': [46, 59]}];"$75 ~ 5 Hours 

‚úÖRT &amp; Follow @finds_crypto";Neutral;0.7689420580863953;Neutral;0.9458169937133789
92;1518016743360405506;2022-04-23 23:59:29+00:00;CryptoRepos;False;;112;445;3509;0;0;[{'text': 'crypto', 'indices': [98, 105]}];[];"wolfcoin: At each event date, another n number of coins is automatically unlocked. 
Lang: Go
‚≠êÔ∏è 0
#crypto
https://t.co/bLqrib6qXH";Neutral;0.7696022987365723;Neutral;0.9680334329605103
93;1518016742437568513;2022-04-23 23:59:29+00:00;kingu_samurai;False;;295;952;11356;0;18;[{'text': 'PULI', 'indices': [20, 25]}, {'text': 'PULITOKEN', 'indices': [84, 94]}, {'text': 'PULINFT', 'indices': [95, 103]}, {'text': 'PULIFAM', 'indices': [104, 112]}, {'text': 'PULIRUNNER', 'indices': [113, 124]}];[{'screen_name': 'idyllicsamurai', 'name': 'idyllicüíéRBXS elite üíé', 'id': 1491173337669816321, 'id_str': '1491173337669816321', 'indices': [3, 18]}];"#PULI is the evolution of Meme coinsüî•
Join us explore üíØüëåüíÉüíÉ

üìçüìçüìç
#PULITOKEN #PULINFT #PULIFAM #PULIRUNNER $PULI‚Ä¶ https://t.co/vQjZpa881i";Positive;0.919957160949707;Positive;0.5770833492279053
94;1518016742068391936;2022-04-23 23:59:29+00:00;gezabigwin20;False;Indonesia;1110;170;9729;0;811;[{'text': 'Metaverse', 'indices': [41, 51]}, {'text': 'Hedera', 'indices': [74, 81]}];[{'screen_name': 'IlysianOrigins', 'name': 'Ilysian Origins NFT', 'id': 1466861471128772611, 'id_str': '1466861471128772611', 'indices': [3, 18]}];"üìëDETAILS MATTERüìë
Our #Metaverse  will be built on the #Hedera  Hashgraph to ensure speed, security and scalability.‚Ä¶ https://t.co/dTh35piI5g";Neutral;0.625174343585968;Positive;0.6368556618690491
95;1518016741502296069;2022-04-23 23:59:29+00:00;RomanSculpture;False;;13;105;671;4;1;[];[];"64/10000 Crypto Shiekh minted Go  on!
‚û°Ô∏èhttps://t.co/r0DmecatLb It's a free mint  project means you can only pay a‚Ä¶ https://t.co/tEMsHNd0zu";Positive;0.7640507817268372;Neutral;0.9063298106193542
96;1518016739954413568;2022-04-23 23:59:28+00:00;BiGwinss18;False;;4527;53;14589;0;10443;[];[{'screen_name': 'DaJenus', 'name': 'Jenus - Crypto Master', 'id': 225731980, 'id_str': '225731980', 'indices': [3, 11]}, {'screen_name': 'finds_crypto', 'name': 'üíé Crypto Finds', 'id': 1422837173456343042, 'id_str': '1422837173456343042', 'indices': [46, 59]}];"$75 ~ 5 Hours 

‚úÖRT &amp; Follow @finds_crypto";Neutral;0.7689420580863953;Neutral;0.9458169937133789
97;1518016738897821696;2022-04-23 23:59:28+00:00;RANI86989293;False;Jakarta;4990;254;35019;0;10443;[];[{'screen_name': 'DaJenus', 'name': 'Jenus - Crypto Master', 'id': 225731980, 'id_str': '225731980', 'indices': [3, 11]}, {'screen_name': 'finds_crypto', 'name': 'üíé Crypto Finds', 'id': 1422837173456343042, 'id_str': '1422837173456343042', 'indices': [46, 59]}];"$75 ~ 5 Hours 

‚úÖRT &amp; Follow @finds_crypto";Neutral;0.7689420580863953;Neutral;0.9458169937133789
98;1518016736150368257;2022-04-23 23:59:27+00:00;ArtisticCrypto;False;The Metaverse;11676;59153;108269;0;1;[];[];Bitcoin 'tribalism' is holding the crypto industry back, Ripple CEO says https://t.co/gsU5bXKEmg;Neutral;0.5119541883468628;Neutral;0.555088460445404
99;1518016734992777217;2022-04-23 23:59:27+00:00;FeelsHighMan;False;;2004;706;5933;0;1;[{'text': 'RIBBIT', 'indices': [48, 55]}];[{'screen_name': 'heizenbeur', 'name': 'Heizenbeur {422}', 'id': 1514228734026555393, 'id_str': '1514228734026555393', 'indices': [3, 14]}, {'screen_name': 'Crypto__Osiris', 'name': 'S‚óéL Osiris {422}', 'id': 1473145068118700033, 'id_str': '1473145068118700033', 'indices': [16, 31]}, {'screen_name': 'TheStonedFrogs', 'name': 'The Stoned Frogs | Sold Out', 'id': 1446491168494264354, 'id_str': '1446491168494264354', 'indices': [32, 47]}, {'screen_name': 'mileyhunt2310', 'name': 'mileyhunt', 'id': 741639990690516993, 'id_str': '741639990690516993', 'indices': [82, 96]}, {'screen_name': 'L_BbZ1', 'name': 'Lo√Øs.B', 'id': 3300205851, 'id_str': '3300205851', 'indices': [97, 104]}, {'screen_name': 'sworkiska', 'name': 'Delorme', 'id': 715641383634264064, 'id_str': '715641383634264064', 'indices': [105, 115]}, {'screen_name': 'Maze_iwnl', 'name': '‚Ä¢M„É†ze ‚àû iwnl', 'id': 3313859459, 'id_str': '3313859459', 'indices': [116, 126]}, {'screen_name': 'LayerEth', 'name': 'Layer', 'id': 955068223, 'id_str': '955068223', 'indices': [127, 136]}];"@Crypto__Osiris @TheStonedFrogs #RIBBIT üíöüíõ‚ù§Ô∏èüê∏Happy 420 FAM üíöüíõ‚ù§Ô∏èüê∏

@mileyhunt2310 @L_BbZ1 @sworkiska @Maze_iwnl‚Ä¶ https://t.co/dqxqtvUpwA";Positive;0.9494538307189941;Positive;0.9656179547309875
