;id;created_at;username;verified;location;following;followers;total_tweets;favorite_count;retweet_count;hashtags;mentions;text;sentiment_roberta;score_roberta;sentiment_bert;score_bert
0;1521276167512276992;2022-05-02 23:51:16+00:00;stillskidding;False;;150;104;4205;0;65;[];[{'screen_name': 'TufaAttack', 'name': 'Tufa Attack', 'id': 1519429633590013953, 'id_str': '1519429633590013953', 'indices': [3, 14]}, {'screen_name': 'staratlas', 'name': 'Star Atlas', 'id': 1318241077191639048, 'id_str': '1318241077191639048', 'indices': [108, 118]}];"We're excited to announce a tournament aligned with the release of Tufa Attack empowered by @StarAtlas!

From May 8‚Ä¶ https://t.co/htz8NQ6D8B";Positive;0.9490334391593933;Positive;0.7656758427619934
1;1521275895280975872;2022-05-02 23:50:12+00:00;StarTechCo;False;;2;34;12;0;65;[];[{'screen_name': 'TufaAttack', 'name': 'Tufa Attack', 'id': 1519429633590013953, 'id_str': '1519429633590013953', 'indices': [3, 14]}, {'screen_name': 'staratlas', 'name': 'Star Atlas', 'id': 1318241077191639048, 'id_str': '1318241077191639048', 'indices': [108, 118]}];"We're excited to announce a tournament aligned with the release of Tufa Attack empowered by @StarAtlas!

From May 8‚Ä¶ https://t.co/htz8NQ6D8B";Positive;0.9490334391593933;Positive;0.7656758427619934
2;1521274805168705536;2022-05-02 23:45:52+00:00;mubbo123;False;;130;25;2410;0;121;[];[{'screen_name': 'staratlas', 'name': 'Star Atlas', 'id': 1318241077191639048, 'id_str': '1318241077191639048', 'indices': [3, 13]}, {'screen_name': 'TheSandboxGame', 'name': 'The Sandbox', 'id': 347831597, 'id_str': '347831597', 'indices': [76, 91]}, {'screen_name': 'blond_ish', 'name': 'BLONDISH', 'id': 23879955, 'id_str': '23879955', 'indices': [96, 106]}];"Submissions are officially OPEN for our VoxEdit contest with @TheSandboxGame and @blond_ish. 

1st prize wins 20,00‚Ä¶ https://t.co/fyJFNzqXjs";Neutral;0.4977216124534607;Positive;0.5023996233940125
3;1521274346429612033;2022-05-02 23:44:02+00:00;meowww_cityx;False;satu hari... üå±;337;598;71910;0;4130;[];[{'screen_name': 'DMTLAND_', 'name': 'DMTüêê', 'id': 2782395924, 'id_str': '2782395924', 'indices': [3, 12]}, {'screen_name': 'staratlas', 'name': 'Star Atlas', 'id': 1318241077191639048, 'id_str': '1318241077191639048', 'indices': [59, 69]}, {'screen_name': 'UREEQA_Inc', 'name': 'UREEQA Inc.', 'id': 1307002708147277826, 'id_str': '1307002708147277826', 'indices': [84, 95]}, {'screen_name': 'swashapp', 'name': 'Swash', 'id': 1185924165066514432, 'id_str': '1185924165066514432', 'indices': [109, 118]}];"DMT eyes open for this projects üëÄ
1. $ATLAS (@staratlas )
2. $UREEQA (@UREEQA_Inc)
3. $SWASH ( @swashapp )
4. $FRM‚Ä¶ https://t.co/wftUod1J3J";Positive;0.7622246146202087;Neutral;0.6940038204193115
4;1521273513536942080;2022-05-02 23:40:44+00:00;MatejMVC;False;Metacosmos;109;4675;516;0;65;[];[{'screen_name': 'TufaAttack', 'name': 'Tufa Attack', 'id': 1519429633590013953, 'id_str': '1519429633590013953', 'indices': [3, 14]}, {'screen_name': 'staratlas', 'name': 'Star Atlas', 'id': 1318241077191639048, 'id_str': '1318241077191639048', 'indices': [108, 118]}];"We're excited to announce a tournament aligned with the release of Tufa Attack empowered by @StarAtlas!

From May 8‚Ä¶ https://t.co/htz8NQ6D8B";Positive;0.9490334391593933;Positive;0.7656758427619934
5;1521273483493187585;2022-05-02 23:40:37+00:00;MatejMVC;False;Metacosmos;109;4675;516;0;121;[];[{'screen_name': 'staratlas', 'name': 'Star Atlas', 'id': 1318241077191639048, 'id_str': '1318241077191639048', 'indices': [3, 13]}, {'screen_name': 'TheSandboxGame', 'name': 'The Sandbox', 'id': 347831597, 'id_str': '347831597', 'indices': [76, 91]}, {'screen_name': 'blond_ish', 'name': 'BLONDISH', 'id': 23879955, 'id_str': '23879955', 'indices': [96, 106]}];"Submissions are officially OPEN for our VoxEdit contest with @TheSandboxGame and @blond_ish. 

1st prize wins 20,00‚Ä¶ https://t.co/fyJFNzqXjs";Neutral;0.4977216124534607;Positive;0.5023996233940125
6;1521272744373264384;2022-05-02 23:37:40+00:00;c3por2d212;False;;81;17;43;0;65;[];[{'screen_name': 'TufaAttack', 'name': 'Tufa Attack', 'id': 1519429633590013953, 'id_str': '1519429633590013953', 'indices': [3, 14]}, {'screen_name': 'staratlas', 'name': 'Star Atlas', 'id': 1318241077191639048, 'id_str': '1318241077191639048', 'indices': [108, 118]}];"We're excited to announce a tournament aligned with the release of Tufa Attack empowered by @StarAtlas!

From May 8‚Ä¶ https://t.co/htz8NQ6D8B";Positive;0.9490334391593933;Positive;0.7656758427619934
7;1521272499463413761;2022-05-02 23:36:42+00:00;EminBilgetay;False;;80;55;1344;0;65;[];[{'screen_name': 'TufaAttack', 'name': 'Tufa Attack', 'id': 1519429633590013953, 'id_str': '1519429633590013953', 'indices': [3, 14]}, {'screen_name': 'staratlas', 'name': 'Star Atlas', 'id': 1318241077191639048, 'id_str': '1318241077191639048', 'indices': [108, 118]}];"We're excited to announce a tournament aligned with the release of Tufa Attack empowered by @StarAtlas!

From May 8‚Ä¶ https://t.co/htz8NQ6D8B";Positive;0.9490334391593933;Positive;0.7656758427619934
8;1521270836245811202;2022-05-02 23:30:05+00:00;TradinginTime;False;Cryptoverse;937;2637;24229;2;0;[{'text': 'StarAtlas', 'indices': [44, 54]}, {'text': 'Samoyedcoin', 'indices': [64, 76]}, {'text': 'YooShi', 'indices': [85, 92]}, {'text': 'KishuInu', 'indices': [103, 112]}];[];"REKT shitcoins
Heading into Deadcoin zone
  #StarAtlas $ATLAS
  #Samoyedcoin $SAMO
  #YooShi $YOOSHI
  #KishuInu‚Ä¶ https://t.co/n1KRc7BQk8";Neutral;0.7095970511436462;Neutral;0.9479262828826904
9;1521270781732601857;2022-05-02 23:29:52+00:00;RcMacz;False;;882;215;1975;0;121;[];[{'screen_name': 'staratlas', 'name': 'Star Atlas', 'id': 1318241077191639048, 'id_str': '1318241077191639048', 'indices': [3, 13]}, {'screen_name': 'TheSandboxGame', 'name': 'The Sandbox', 'id': 347831597, 'id_str': '347831597', 'indices': [76, 91]}, {'screen_name': 'blond_ish', 'name': 'BLONDISH', 'id': 23879955, 'id_str': '23879955', 'indices': [96, 106]}];"Submissions are officially OPEN for our VoxEdit contest with @TheSandboxGame and @blond_ish. 

1st prize wins 20,00‚Ä¶ https://t.co/fyJFNzqXjs";Neutral;0.4977216124534607;Positive;0.5023996233940125
10;1521270645338050563;2022-05-02 23:29:20+00:00;RcMacz;False;;882;215;1975;0;65;[];[{'screen_name': 'TufaAttack', 'name': 'Tufa Attack', 'id': 1519429633590013953, 'id_str': '1519429633590013953', 'indices': [3, 14]}, {'screen_name': 'staratlas', 'name': 'Star Atlas', 'id': 1318241077191639048, 'id_str': '1318241077191639048', 'indices': [108, 118]}];"We're excited to announce a tournament aligned with the release of Tufa Attack empowered by @StarAtlas!

From May 8‚Ä¶ https://t.co/htz8NQ6D8B";Positive;0.9490334391593933;Positive;0.7656758427619934
11;1521270355909922818;2022-05-02 23:28:11+00:00;StaratlasbrSAB;False;#Metaverso @SolSea @staratlas;164;97;1716;0;25;[];[{'screen_name': 'at_mwagner', 'name': '‚óéSW4GN3R‚óé', 'id': 895337840057360386, 'id_str': '895337840057360386', 'indices': [3, 14]}];Build to earn. https://t.co/eYxtSWqoj0;Neutral;0.6071096062660217;Neutral;0.7380929589271545
12;1521269848910798849;2022-05-02 23:26:10+00:00;crypto__mercy;False;Canada;71;1373;2711;7;0;[{'text': 'POLIS', 'indices': [0, 6]}];[{'screen_name': 'staratlas', 'name': 'Star Atlas', 'id': 1318241077191639048, 'id_str': '1318241077191639048', 'indices': [27, 37]}];#POLIS governance Token of @staratlas creating bullish divergences on the Daily and now inside the weekly chart 0.9‚Ä¶ https://t.co/g0FU8fH9o5;Positive;0.5436598062515259;Neutral;0.608768105506897
13;1521267619101552640;2022-05-02 23:17:18+00:00;apiAfZoJiprJE6d;False;;114;6;96;0;121;[];[{'screen_name': 'staratlas', 'name': 'Star Atlas', 'id': 1318241077191639048, 'id_str': '1318241077191639048', 'indices': [3, 13]}, {'screen_name': 'TheSandboxGame', 'name': 'The Sandbox', 'id': 347831597, 'id_str': '347831597', 'indices': [76, 91]}, {'screen_name': 'blond_ish', 'name': 'BLONDISH', 'id': 23879955, 'id_str': '23879955', 'indices': [96, 106]}];"Submissions are officially OPEN for our VoxEdit contest with @TheSandboxGame and @blond_ish. 

1st prize wins 20,00‚Ä¶ https://t.co/fyJFNzqXjs";Neutral;0.4977216124534607;Positive;0.5023996233940125
14;1521266761655484416;2022-05-02 23:13:54+00:00;PoojaJobalia;False;Mumbai, India;3759;451;542;0;70;[{'text': 'game', 'indices': [43, 48]}, {'text': 'gamefi', 'indices': [74, 81]}];[{'screen_name': 'Y1Q1E', 'name': 'J4Y', 'id': 1512408528098672645, 'id_str': '1512408528098672645', 'indices': [3, 9]}, {'screen_name': 'Ubisoft', 'name': 'Ubisoft', 'id': 14922225, 'id_str': '14922225', 'indices': [115, 123]}, {'screen_name': 'AxieInfinity', 'name': 'Axie Infinityü¶áüîä', 'id': 957716432430641152, 'id_str': '957716432430641152', 'indices': [124, 137]}];"It takes a gamer to be a decent #game producer and yet not all #gamefi producers are qualified gamer. üßê
@Ubisoft‚Ä¶ https://t.co/vyOCPHRPRg";Negative;0.5702153444290161;Neutral;0.9010406136512756
15;1521264898394791940;2022-05-02 23:06:30+00:00;FinalFrontierSA;False;Metaverse;483;47543;1152;3;0;[];[{'screen_name': 'BULK_Guild', 'name': 'BULK | Star Atlas Guild', 'id': 1438215434587852805, 'id_str': '1438215434587852805', 'indices': [0, 11]}, {'screen_name': 'staratlas', 'name': 'Star Atlas', 'id': 1318241077191639048, 'id_str': '1318241077191639048', 'indices': [12, 22]}, {'screen_name': 'Santiacc_', 'name': 'santi.sol', 'id': 1387280955241598977, 'id_str': '1387280955241598977', 'indices': [23, 33]}, {'screen_name': 'Ashes_LS', 'name': 'Ashes.sol üîú#FTXOffTheGrid Miami', 'id': 1284581722273615872, 'id_str': '1284581722273615872', 'indices': [34, 43]}, {'screen_name': 'Jojocryptoquest', 'name': 'Jose Siqueira', 'id': 1399753632367718405, 'id_str': '1399753632367718405', 'indices': [44, 60]}, {'screen_name': 'InterstellarDAC', 'name': 'Interstellar Alliance', 'id': 1372190601681190912, 'id_str': '1372190601681190912', 'indices': [61, 77]}, {'screen_name': 'cryptolumina', 'name': 'Lumina', 'id': 1392870675174592512, 'id_str': '1392870675174592512', 'indices': [78, 91]}];@BULK_Guild @staratlas @Santiacc_ @Ashes_LS @Jojocryptoquest @InterstellarDAC @cryptolumina Congratulations;Positive;0.8587685227394104;Positive;0.8894494771957397
16;1521264473402716160;2022-05-02 23:04:48+00:00;WollastonNelly;False;;15;8;5;0;0;[];[];DMT eyes open for this projects üëÄ1. $ATLAS (staratlas )2. $UREEQA (UREEQA_Inc)3. $SWASH ( swashapp )4. $FRM ( FerrumN‚Ä¶;Positive;0.6763039827346802;Neutral;0.8911037445068359
17;1521263904135213056;2022-05-02 23:02:33+00:00;yusheng790821;False;Canada, Vancouver;244;33;206;0;25;[];[{'screen_name': 'at_mwagner', 'name': '‚óéSW4GN3R‚óé', 'id': 895337840057360386, 'id_str': '895337840057360386', 'indices': [3, 14]}];Build to earn. https://t.co/eYxtSWqoj0;Neutral;0.6071096062660217;Neutral;0.7380929589271545
18;1521263793312976896;2022-05-02 23:02:06+00:00;swertesijihan_;False;Moneyfesting May Big Wins;918;246;1404;0;4130;[];[{'screen_name': 'DMTLAND_', 'name': 'DMTüêê', 'id': 2782395924, 'id_str': '2782395924', 'indices': [3, 12]}, {'screen_name': 'staratlas', 'name': 'Star Atlas', 'id': 1318241077191639048, 'id_str': '1318241077191639048', 'indices': [59, 69]}, {'screen_name': 'UREEQA_Inc', 'name': 'UREEQA Inc.', 'id': 1307002708147277826, 'id_str': '1307002708147277826', 'indices': [84, 95]}, {'screen_name': 'swashapp', 'name': 'Swash', 'id': 1185924165066514432, 'id_str': '1185924165066514432', 'indices': [109, 118]}];"DMT eyes open for this projects üëÄ
1. $ATLAS (@staratlas )
2. $UREEQA (@UREEQA_Inc)
3. $SWASH ( @swashapp )
4. $FRM‚Ä¶ https://t.co/wftUod1J3J";Positive;0.7622246146202087;Neutral;0.6940038204193115
19;1521263529990496256;2022-05-02 23:01:03+00:00;muharremfrat10;False;;1086;210;26754;0;65;[];[{'screen_name': 'TufaAttack', 'name': 'Tufa Attack', 'id': 1519429633590013953, 'id_str': '1519429633590013953', 'indices': [3, 14]}, {'screen_name': 'staratlas', 'name': 'Star Atlas', 'id': 1318241077191639048, 'id_str': '1318241077191639048', 'indices': [108, 118]}];"We're excited to announce a tournament aligned with the release of Tufa Attack empowered by @StarAtlas!

From May 8‚Ä¶ https://t.co/htz8NQ6D8B";Positive;0.9490334391593933;Positive;0.7656758427619934
20;1521262987440439297;2022-05-02 22:58:54+00:00;oen123;False;Lisboa, Portugal;661;57;7967;0;65;[];[{'screen_name': 'TufaAttack', 'name': 'Tufa Attack', 'id': 1519429633590013953, 'id_str': '1519429633590013953', 'indices': [3, 14]}, {'screen_name': 'staratlas', 'name': 'Star Atlas', 'id': 1318241077191639048, 'id_str': '1318241077191639048', 'indices': [108, 118]}];"We're excited to announce a tournament aligned with the release of Tufa Attack empowered by @StarAtlas!

From May 8‚Ä¶ https://t.co/htz8NQ6D8B";Positive;0.9490334391593933;Positive;0.7656758427619934
21;1521262418122645505;2022-05-02 22:56:38+00:00;camaocande;False;Shibuya;3640;1038;7265;0;65;[];[{'screen_name': 'TufaAttack', 'name': 'Tufa Attack', 'id': 1519429633590013953, 'id_str': '1519429633590013953', 'indices': [3, 14]}, {'screen_name': 'staratlas', 'name': 'Star Atlas', 'id': 1318241077191639048, 'id_str': '1318241077191639048', 'indices': [108, 118]}];"We're excited to announce a tournament aligned with the release of Tufa Attack empowered by @StarAtlas!

From May 8‚Ä¶ https://t.co/htz8NQ6D8B";Positive;0.9490334391593933;Positive;0.7656758427619934
22;1521261686354718721;2022-05-02 22:53:44+00:00;orignalharris;False;;610;319;5704;0;65;[];[{'screen_name': 'TufaAttack', 'name': 'Tufa Attack', 'id': 1519429633590013953, 'id_str': '1519429633590013953', 'indices': [3, 14]}, {'screen_name': 'staratlas', 'name': 'Star Atlas', 'id': 1318241077191639048, 'id_str': '1318241077191639048', 'indices': [108, 118]}];"We're excited to announce a tournament aligned with the release of Tufa Attack empowered by @StarAtlas!

From May 8‚Ä¶ https://t.co/htz8NQ6D8B";Positive;0.9490334391593933;Positive;0.7656758427619934
23;1521261574870208513;2022-05-02 22:53:17+00:00;DarthMaul_SA;False;staratlas;126;116;532;0;65;[];[{'screen_name': 'TufaAttack', 'name': 'Tufa Attack', 'id': 1519429633590013953, 'id_str': '1519429633590013953', 'indices': [3, 14]}, {'screen_name': 'staratlas', 'name': 'Star Atlas', 'id': 1318241077191639048, 'id_str': '1318241077191639048', 'indices': [108, 118]}];"We're excited to announce a tournament aligned with the release of Tufa Attack empowered by @StarAtlas!

From May 8‚Ä¶ https://t.co/htz8NQ6D8B";Positive;0.9490334391593933;Positive;0.7656758427619934
24;1521260782733910017;2022-05-02 22:50:08+00:00;AntaresNet;False;Star Atlas;218;273;1905;0;65;[];[{'screen_name': 'TufaAttack', 'name': 'Tufa Attack', 'id': 1519429633590013953, 'id_str': '1519429633590013953', 'indices': [3, 14]}, {'screen_name': 'staratlas', 'name': 'Star Atlas', 'id': 1318241077191639048, 'id_str': '1318241077191639048', 'indices': [108, 118]}];"We're excited to announce a tournament aligned with the release of Tufa Attack empowered by @StarAtlas!

From May 8‚Ä¶ https://t.co/htz8NQ6D8B";Positive;0.9490334391593933;Positive;0.7656758427619934
25;1521259599692763139;2022-05-02 22:45:26+00:00;Jessebrabo;False;;19;2;68;0;65;[];[{'screen_name': 'TufaAttack', 'name': 'Tufa Attack', 'id': 1519429633590013953, 'id_str': '1519429633590013953', 'indices': [3, 14]}, {'screen_name': 'staratlas', 'name': 'Star Atlas', 'id': 1318241077191639048, 'id_str': '1318241077191639048', 'indices': [108, 118]}];"We're excited to announce a tournament aligned with the release of Tufa Attack empowered by @StarAtlas!

From May 8‚Ä¶ https://t.co/htz8NQ6D8B";Positive;0.9490334391593933;Positive;0.7656758427619934
26;1521258158211088387;2022-05-02 22:39:43+00:00;RaphaelBogdanov;False;;189;92;120;1;0;[];[{'screen_name': 'Deraylzz', 'name': 'Derailz', 'id': 1357423128381698049, 'id_str': '1357423128381698049', 'indices': [0, 9]}, {'screen_name': 'staratlas', 'name': 'Star Atlas', 'id': 1318241077191639048, 'id_str': '1318241077191639048', 'indices': [10, 20]}, {'screen_name': 'TheSandboxGame', 'name': 'The Sandbox', 'id': 347831597, 'id_str': '347831597', 'indices': [21, 36]}, {'screen_name': 'blond_ish', 'name': 'BLONDISH', 'id': 23879955, 'id_str': '23879955', 'indices': [37, 47]}, {'screen_name': 'SBF_FTX', 'name': 'SBF', 'id': 1110877798820777986, 'id_str': '1110877798820777986', 'indices': [48, 56]}, {'screen_name': 'FTX_Official', 'name': 'FTX', 'id': 1101264495337365504, 'id_str': '1101264495337365504', 'indices': [57, 70]}, {'screen_name': 'SBF_FTX', 'name': 'SBF', 'id': 1110877798820777986, 'id_str': '1110877798820777986', 'indices': [102, 110]}];@Deraylzz @staratlas @TheSandboxGame @blond_ish @SBF_FTX @FTX_Official :) no ƒ± wanna hold mwagner and @SBF_FTX  wifes pusssy bro;Neutral;0.6041857600212097;Neutral;0.858181357383728
27;1521255722008387587;2022-05-02 22:30:02+00:00;BeHuitz;False;;51;3;31;0;65;[];[{'screen_name': 'TufaAttack', 'name': 'Tufa Attack', 'id': 1519429633590013953, 'id_str': '1519429633590013953', 'indices': [3, 14]}, {'screen_name': 'staratlas', 'name': 'Star Atlas', 'id': 1318241077191639048, 'id_str': '1318241077191639048', 'indices': [108, 118]}];"We're excited to announce a tournament aligned with the release of Tufa Attack empowered by @StarAtlas!

From May 8‚Ä¶ https://t.co/htz8NQ6D8B";Positive;0.9490334391593933;Positive;0.7656758427619934
28;1521255064551182345;2022-05-02 22:27:25+00:00;mrtomnguyen;False;Nashville;78;209;2520;0;0;[];[{'screen_name': 'KyleSamani', 'name': 'Composability Kyle', 'id': 46332443, 'id_str': '46332443', 'indices': [0, 11]}, {'screen_name': 'staratlas', 'name': 'Star Atlas', 'id': 1318241077191639048, 'id_str': '1318241077191639048', 'indices': [12, 22]}];@KyleSamani @staratlas will be doing this very soon. First, Galactic Marketplace. Highly niche branded gateway is coming.;Positive;0.5834822654724121;Neutral;0.9558643102645874
29;1521254848863342598;2022-05-02 22:26:34+00:00;Peponas10;False;;59;22;61;0;65;[];[{'screen_name': 'TufaAttack', 'name': 'Tufa Attack', 'id': 1519429633590013953, 'id_str': '1519429633590013953', 'indices': [3, 14]}, {'screen_name': 'staratlas', 'name': 'Star Atlas', 'id': 1318241077191639048, 'id_str': '1318241077191639048', 'indices': [108, 118]}];"We're excited to announce a tournament aligned with the release of Tufa Attack empowered by @StarAtlas!

From May 8‚Ä¶ https://t.co/htz8NQ6D8B";Positive;0.9490334391593933;Positive;0.7656758427619934
30;1521254369328566272;2022-05-02 22:24:39+00:00;DarkMatterDAC;False;;30;54;49;2;0;[];[{'screen_name': 'TufaAttack', 'name': 'Tufa Attack', 'id': 1519429633590013953, 'id_str': '1519429633590013953', 'indices': [0, 11]}, {'screen_name': 'staratlas', 'name': 'Star Atlas', 'id': 1318241077191639048, 'id_str': '1318241077191639048', 'indices': [12, 22]}, {'screen_name': 'mjr_eazy', 'name': 'Mjr Eazy', 'id': 1473533481594597376, 'id_str': '1473533481594597376', 'indices': [72, 81]}];"@TufaAttack @staratlas Should be fun‚Ä¶
I assume the makers are excluded, @Mjr_Eazy has seen your scores ü§£";Positive;0.8303658962249756;Negative;0.5543726086616516
31;1521253574642180098;2022-05-02 22:21:30+00:00;DarkMatterDAC;False;;30;54;49;0;0;[];[{'screen_name': 'empressofpeach', 'name': 'ü©∏Empress of Peach', 'id': 1493627252302487553, 'id_str': '1493627252302487553', 'indices': [0, 15]}, {'screen_name': 'TheUnseenGuild', 'name': 'TheUnseen', 'id': 1487151926047387648, 'id_str': '1487151926047387648', 'indices': [16, 31]}, {'screen_name': 'wulff_august', 'name': 'Wulff', 'id': 1518715126798381056, 'id_str': '1518715126798381056', 'indices': [32, 45]}, {'screen_name': 'staratlas', 'name': 'Star Atlas', 'id': 1318241077191639048, 'id_str': '1318241077191639048', 'indices': [46, 56]}, {'screen_name': 'SkullnBonesDAO', 'name': 'Skull & Bones', 'id': 1483439422683160577, 'id_str': '1483439422683160577', 'indices': [57, 72]}];"@empressofpeach @TheUnseenGuild @wulff_august @staratlas @SkullnBonesDAO Did you not see Sammy 8 ball there‚Ä¶
;)";Neutral;0.7744616866111755;Positive;0.5382446646690369
32;1521253335835230209;2022-05-02 22:20:33+00:00;DarkMatterDAC;False;;30;54;49;0;0;[];[{'screen_name': 'wulff_august', 'name': 'Wulff', 'id': 1518715126798381056, 'id_str': '1518715126798381056', 'indices': [0, 13]}, {'screen_name': 'staratlas', 'name': 'Star Atlas', 'id': 1318241077191639048, 'id_str': '1318241077191639048', 'indices': [14, 24]}, {'screen_name': 'SkullnBonesDAO', 'name': 'Skull & Bones', 'id': 1483439422683160577, 'id_str': '1483439422683160577', 'indices': [25, 40]}, {'screen_name': 'TheUnseenGuild', 'name': 'TheUnseen', 'id': 1487151926047387648, 'id_str': '1487151926047387648', 'indices': [41, 56]}];"@wulff_august @staratlas @skullnbonesdao @TheUnseenGuild See you in the HRZ.
Bring friends, lots of friends‚Ä¶
You‚Äôll need them‚Ä¶";Positive;0.7347820401191711;Positive;0.5905340909957886
33;1521253137834594304;2022-05-02 22:19:46+00:00;gm4x;False;Lyon;226;5;151;0;286;[];[{'screen_name': 'staratlas', 'name': 'Star Atlas', 'id': 1318241077191639048, 'id_str': '1318241077191639048', 'indices': [3, 13]}, {'screen_name': 'TheSandboxGame', 'name': 'The Sandbox', 'id': 347831597, 'id_str': '347831597', 'indices': [76, 91]}];We're thrilled to announce a groundbreaking partnership with @TheSandboxGame, bringing you blockchain gaming intero‚Ä¶ https://t.co/kViZhX4YAp;Positive;0.9772910475730896;Positive;0.9745572805404663
34;1521252609033711617;2022-05-02 22:17:40+00:00;DarkMatterDAC;False;;30;54;49;0;65;[];[{'screen_name': 'TufaAttack', 'name': 'Tufa Attack', 'id': 1519429633590013953, 'id_str': '1519429633590013953', 'indices': [3, 14]}, {'screen_name': 'staratlas', 'name': 'Star Atlas', 'id': 1318241077191639048, 'id_str': '1318241077191639048', 'indices': [108, 118]}];"We're excited to announce a tournament aligned with the release of Tufa Attack empowered by @StarAtlas!

From May 8‚Ä¶ https://t.co/htz8NQ6D8B";Positive;0.9490334391593933;Positive;0.7656758427619934
35;1521252539135664128;2022-05-02 22:17:23+00:00;Deraylzz;False;United States;47;6;577;0;0;[];[{'screen_name': 'RaphaelBogdanov', 'name': 'Raphael Bogdanov üá∫üá¶', 'id': 2898207334, 'id_str': '2898207334', 'indices': [0, 16]}, {'screen_name': 'staratlas', 'name': 'Star Atlas', 'id': 1318241077191639048, 'id_str': '1318241077191639048', 'indices': [17, 27]}, {'screen_name': 'TheSandboxGame', 'name': 'The Sandbox', 'id': 347831597, 'id_str': '347831597', 'indices': [28, 43]}, {'screen_name': 'blond_ish', 'name': 'BLONDISH', 'id': 23879955, 'id_str': '23879955', 'indices': [44, 54]}, {'screen_name': 'SBF_FTX', 'name': 'SBF', 'id': 1110877798820777986, 'id_str': '1110877798820777986', 'indices': [55, 63]}, {'screen_name': 'FTX_Official', 'name': 'FTX', 'id': 1101264495337365504, 'id_str': '1101264495337365504', 'indices': [64, 77]}];@RaphaelBogdanov @staratlas @TheSandboxGame @blond_ish @SBF_FTX @FTX_Official Lol wtf.  Just hold bro.  Game is going to be dope;Positive;0.8854286670684814;Neutral;0.5968557000160217
36;1521252320524308484;2022-05-02 22:16:31+00:00;Stantheman_2113;False;Metaverse;115;16;225;0;0;[];[{'screen_name': 'GodsUnchained', 'name': 'Gods Unchained', 'id': 1004945445263536128, 'id_str': '1004945445263536128', 'indices': [31, 45]}, {'screen_name': 'rollercoin_com', 'name': 'RollerCoin üá∫üá¶', 'id': 881818799363813376, 'id_str': '881818799363813376', 'indices': [47, 62]}, {'screen_name': 'Sorare', 'name': 'Sorare', 'id': 1053391577157115905, 'id_str': '1053391577157115905', 'indices': [64, 71]}, {'screen_name': 'staratlas', 'name': 'Star Atlas', 'id': 1318241077191639048, 'id_str': '1318241077191639048', 'indices': [73, 83]}];"Monday Night Recap: 

Active: 
@GodsUnchained 
@rollercoin_com 
@Sorare 
@staratlas 

Buying: $BTC $ETH $MATIC‚Ä¶ https://t.co/AkWFB2wBKu";Neutral;0.8638671636581421;Neutral;0.8914294838905334
37;1521252253453234176;2022-05-02 22:16:15+00:00;TheBountyBarSA;False;Star Atlas Metaverse;390;1179;1726;0;65;[];[{'screen_name': 'TufaAttack', 'name': 'Tufa Attack', 'id': 1519429633590013953, 'id_str': '1519429633590013953', 'indices': [3, 14]}, {'screen_name': 'staratlas', 'name': 'Star Atlas', 'id': 1318241077191639048, 'id_str': '1318241077191639048', 'indices': [108, 118]}];"We're excited to announce a tournament aligned with the release of Tufa Attack empowered by @StarAtlas!

From May 8‚Ä¶ https://t.co/htz8NQ6D8B";Positive;0.9490334391593933;Positive;0.7656758427619934
38;1521252088235368448;2022-05-02 22:15:35+00:00;infolowy_;False;NFT Italia  Star Atlas Officer;185;129;1079;0;121;[];[{'screen_name': 'staratlas', 'name': 'Star Atlas', 'id': 1318241077191639048, 'id_str': '1318241077191639048', 'indices': [3, 13]}, {'screen_name': 'TheSandboxGame', 'name': 'The Sandbox', 'id': 347831597, 'id_str': '347831597', 'indices': [76, 91]}, {'screen_name': 'blond_ish', 'name': 'BLONDISH', 'id': 23879955, 'id_str': '23879955', 'indices': [96, 106]}];"Submissions are officially OPEN for our VoxEdit contest with @TheSandboxGame and @blond_ish. 

1st prize wins 20,00‚Ä¶ https://t.co/fyJFNzqXjs";Neutral;0.4977216124534607;Positive;0.5023996233940125
39;1521251422259806208;2022-05-02 22:12:57+00:00;LuolaMetaverse;False;;2021;98;1914;0;65;[];[{'screen_name': 'TufaAttack', 'name': 'Tufa Attack', 'id': 1519429633590013953, 'id_str': '1519429633590013953', 'indices': [3, 14]}, {'screen_name': 'staratlas', 'name': 'Star Atlas', 'id': 1318241077191639048, 'id_str': '1318241077191639048', 'indices': [108, 118]}];"We're excited to announce a tournament aligned with the release of Tufa Attack empowered by @StarAtlas!

From May 8‚Ä¶ https://t.co/htz8NQ6D8B";Positive;0.9490334391593933;Positive;0.7656758427619934
40;1521251292890370048;2022-05-02 22:12:26+00:00;Santiacc_;False;Metaverse;755;10284;2574;0;121;[];[{'screen_name': 'staratlas', 'name': 'Star Atlas', 'id': 1318241077191639048, 'id_str': '1318241077191639048', 'indices': [3, 13]}, {'screen_name': 'TheSandboxGame', 'name': 'The Sandbox', 'id': 347831597, 'id_str': '347831597', 'indices': [76, 91]}, {'screen_name': 'blond_ish', 'name': 'BLONDISH', 'id': 23879955, 'id_str': '23879955', 'indices': [96, 106]}];"Submissions are officially OPEN for our VoxEdit contest with @TheSandboxGame and @blond_ish. 

1st prize wins 20,00‚Ä¶ https://t.co/fyJFNzqXjs";Neutral;0.4977216124534607;Positive;0.5023996233940125
41;1521250523080531971;2022-05-02 22:09:22+00:00;Kevinmillingto6;False;Old Colwyn;574;883;9393;0;65;[];[{'screen_name': 'TufaAttack', 'name': 'Tufa Attack', 'id': 1519429633590013953, 'id_str': '1519429633590013953', 'indices': [3, 14]}, {'screen_name': 'staratlas', 'name': 'Star Atlas', 'id': 1318241077191639048, 'id_str': '1318241077191639048', 'indices': [108, 118]}];"We're excited to announce a tournament aligned with the release of Tufa Attack empowered by @StarAtlas!

From May 8‚Ä¶ https://t.co/htz8NQ6D8B";Positive;0.9490334391593933;Positive;0.7656758427619934
42;1521249943750594561;2022-05-02 22:07:04+00:00;CHOCO00100;False;;325;89;4379;0;65;[];[{'screen_name': 'TufaAttack', 'name': 'Tufa Attack', 'id': 1519429633590013953, 'id_str': '1519429633590013953', 'indices': [3, 14]}, {'screen_name': 'staratlas', 'name': 'Star Atlas', 'id': 1318241077191639048, 'id_str': '1318241077191639048', 'indices': [108, 118]}];"We're excited to announce a tournament aligned with the release of Tufa Attack empowered by @StarAtlas!

From May 8‚Ä¶ https://t.co/htz8NQ6D8B";Positive;0.9490334391593933;Positive;0.7656758427619934
43;1521248080586235904;2022-05-02 21:59:40+00:00;EclypseSA;False;France;77;517;140;0;65;[];[{'screen_name': 'TufaAttack', 'name': 'Tufa Attack', 'id': 1519429633590013953, 'id_str': '1519429633590013953', 'indices': [3, 14]}, {'screen_name': 'staratlas', 'name': 'Star Atlas', 'id': 1318241077191639048, 'id_str': '1318241077191639048', 'indices': [108, 118]}];"We're excited to announce a tournament aligned with the release of Tufa Attack empowered by @StarAtlas!

From May 8‚Ä¶ https://t.co/htz8NQ6D8B";Positive;0.9490334391593933;Positive;0.7656758427619934
44;1521247744442179584;2022-05-02 21:58:20+00:00;andrea_geromin;False;;29;1;134;1;0;[];[{'screen_name': 'staratlas', 'name': 'Star Atlas', 'id': 1318241077191639048, 'id_str': '1318241077191639048', 'indices': [0, 10]}];@staratlas Fuck Atlas;Negative;0.9046931266784668;Negative;0.9730265736579895
45;1521247741036351491;2022-05-02 21:58:19+00:00;conradsneaker;False;Germany;545;39;1164;0;70;[{'text': 'game', 'indices': [43, 48]}, {'text': 'gamefi', 'indices': [74, 81]}];[{'screen_name': 'Y1Q1E', 'name': 'J4Y', 'id': 1512408528098672645, 'id_str': '1512408528098672645', 'indices': [3, 9]}, {'screen_name': 'Ubisoft', 'name': 'Ubisoft', 'id': 14922225, 'id_str': '14922225', 'indices': [115, 123]}, {'screen_name': 'AxieInfinity', 'name': 'Axie Infinityü¶áüîä', 'id': 957716432430641152, 'id_str': '957716432430641152', 'indices': [124, 137]}];"It takes a gamer to be a decent #game producer and yet not all #gamefi producers are qualified gamer. üßê
@Ubisoft‚Ä¶ https://t.co/vyOCPHRPRg";Negative;0.5702153444290161;Neutral;0.9010406136512756
46;1521247739706847234;2022-05-02 21:58:19+00:00;squallmacthorio;False;Brazil;1342;417;35257;4;0;[];[{'screen_name': 'TufaAttack', 'name': 'Tufa Attack', 'id': 1519429633590013953, 'id_str': '1519429633590013953', 'indices': [0, 11]}, {'screen_name': 'staratlas', 'name': 'Star Atlas', 'id': 1318241077191639048, 'id_str': '1318241077191639048', 'indices': [12, 22]}];@TufaAttack @staratlas Great!;Positive;0.9503161311149597;Positive;0.8667339086532593
47;1521246810362331139;2022-05-02 21:54:37+00:00;ShillersDAO;False;;204;12505;2259;1;0;[];[{'screen_name': 'Y1Q1E', 'name': 'J4Y', 'id': 1512408528098672645, 'id_str': '1512408528098672645', 'indices': [0, 6]}, {'screen_name': 'LetMeShill', 'name': 'Les‚Äô Benjos NFT üî¥üü•', 'id': 1456326215132979207, 'id_str': '1456326215132979207', 'indices': [7, 18]}, {'screen_name': 'Ubisoft', 'name': 'Ubisoft', 'id': 14922225, 'id_str': '14922225', 'indices': [19, 27]}, {'screen_name': 'AxieInfinity', 'name': 'Axie Infinityü¶áüîä', 'id': 957716432430641152, 'id_str': '957716432430641152', 'indices': [28, 41]}, {'screen_name': 'BoredApeYC', 'name': 'Bored Ape Yacht Club', 'id': 1381699264011771906, 'id_str': '1381699264011771906', 'indices': [42, 53]}, {'screen_name': 'staratlas', 'name': 'Star Atlas', 'id': 1318241077191639048, 'id_str': '1318241077191639048', 'indices': [54, 64]}, {'screen_name': 'playbigtime', 'name': 'Big Time | STREAMING NOW twitch.tv/bigtimestudios', 'id': 1359859875497582594, 'id_str': '1359859875497582594', 'indices': [65, 77]}];@Y1Q1E @LetMeShill @Ubisoft @AxieInfinity @BoredApeYC @staratlas @playbigtime So true..;Neutral;0.5650513172149658;Neutral;0.802312433719635
48;1521246786031075329;2022-05-02 21:54:31+00:00;ShillersDAO;False;;204;12505;2259;0;70;[{'text': 'game', 'indices': [43, 48]}, {'text': 'gamefi', 'indices': [74, 81]}];[{'screen_name': 'Y1Q1E', 'name': 'J4Y', 'id': 1512408528098672645, 'id_str': '1512408528098672645', 'indices': [3, 9]}, {'screen_name': 'Ubisoft', 'name': 'Ubisoft', 'id': 14922225, 'id_str': '14922225', 'indices': [115, 123]}, {'screen_name': 'AxieInfinity', 'name': 'Axie Infinityü¶áüîä', 'id': 957716432430641152, 'id_str': '957716432430641152', 'indices': [124, 137]}];"It takes a gamer to be a decent #game producer and yet not all #gamefi producers are qualified gamer. üßê
@Ubisoft‚Ä¶ https://t.co/vyOCPHRPRg";Negative;0.5702153444290161;Neutral;0.9010406136512756
49;1521246785905197057;2022-05-02 21:54:31+00:00;CaliRanchCrypto;False;At The High Table;1252;2666;16270;0;65;[];[{'screen_name': 'TufaAttack', 'name': 'Tufa Attack', 'id': 1519429633590013953, 'id_str': '1519429633590013953', 'indices': [3, 14]}, {'screen_name': 'staratlas', 'name': 'Star Atlas', 'id': 1318241077191639048, 'id_str': '1318241077191639048', 'indices': [108, 118]}];"We're excited to announce a tournament aligned with the release of Tufa Attack empowered by @StarAtlas!

From May 8‚Ä¶ https://t.co/htz8NQ6D8B";Positive;0.9490334391593933;Positive;0.7656758427619934
50;1521246731844956163;2022-05-02 21:54:18+00:00;CREATIVITYGAME2;False;NOW;2411;454;7521;0;65;[];[{'screen_name': 'TufaAttack', 'name': 'Tufa Attack', 'id': 1519429633590013953, 'id_str': '1519429633590013953', 'indices': [3, 14]}, {'screen_name': 'staratlas', 'name': 'Star Atlas', 'id': 1318241077191639048, 'id_str': '1318241077191639048', 'indices': [108, 118]}];"We're excited to announce a tournament aligned with the release of Tufa Attack empowered by @StarAtlas!

From May 8‚Ä¶ https://t.co/htz8NQ6D8B";Positive;0.9490334391593933;Positive;0.7656758427619934
51;1521246487862259713;2022-05-02 21:53:20+00:00;LetMeShill;False;Paris, France;188;11002;2353;0;70;[{'text': 'game', 'indices': [43, 48]}, {'text': 'gamefi', 'indices': [74, 81]}];[{'screen_name': 'Y1Q1E', 'name': 'J4Y', 'id': 1512408528098672645, 'id_str': '1512408528098672645', 'indices': [3, 9]}, {'screen_name': 'Ubisoft', 'name': 'Ubisoft', 'id': 14922225, 'id_str': '14922225', 'indices': [115, 123]}, {'screen_name': 'AxieInfinity', 'name': 'Axie Infinityü¶áüîä', 'id': 957716432430641152, 'id_str': '957716432430641152', 'indices': [124, 137]}];"It takes a gamer to be a decent #game producer and yet not all #gamefi producers are qualified gamer. üßê
@Ubisoft‚Ä¶ https://t.co/vyOCPHRPRg";Negative;0.5702153444290161;Neutral;0.9010406136512756
52;1521246251643113472;2022-05-02 21:52:24+00:00;Yohnny3333333;False;;256;117;9252;0;65;[];[{'screen_name': 'TufaAttack', 'name': 'Tufa Attack', 'id': 1519429633590013953, 'id_str': '1519429633590013953', 'indices': [3, 14]}, {'screen_name': 'staratlas', 'name': 'Star Atlas', 'id': 1318241077191639048, 'id_str': '1318241077191639048', 'indices': [108, 118]}];"We're excited to announce a tournament aligned with the release of Tufa Attack empowered by @StarAtlas!

From May 8‚Ä¶ https://t.co/htz8NQ6D8B";Positive;0.9490334391593933;Positive;0.7656758427619934
53;1521246194902601729;2022-05-02 21:52:10+00:00;clean_code_;False;Metaverse;179;210;402;0;65;[];[{'screen_name': 'TufaAttack', 'name': 'Tufa Attack', 'id': 1519429633590013953, 'id_str': '1519429633590013953', 'indices': [3, 14]}, {'screen_name': 'staratlas', 'name': 'Star Atlas', 'id': 1318241077191639048, 'id_str': '1318241077191639048', 'indices': [108, 118]}];"We're excited to announce a tournament aligned with the release of Tufa Attack empowered by @StarAtlas!

From May 8‚Ä¶ https://t.co/htz8NQ6D8B";Positive;0.9490334391593933;Positive;0.7656758427619934
54;1521245858725048321;2022-05-02 21:50:50+00:00;erif25450464;False;;26;1;42;0;65;[];[{'screen_name': 'TufaAttack', 'name': 'Tufa Attack', 'id': 1519429633590013953, 'id_str': '1519429633590013953', 'indices': [3, 14]}, {'screen_name': 'staratlas', 'name': 'Star Atlas', 'id': 1318241077191639048, 'id_str': '1318241077191639048', 'indices': [108, 118]}];"We're excited to announce a tournament aligned with the release of Tufa Attack empowered by @StarAtlas!

From May 8‚Ä¶ https://t.co/htz8NQ6D8B";Positive;0.9490334391593933;Positive;0.7656758427619934
55;1521245807181447168;2022-05-02 21:50:38+00:00;TuanTranlee;False;;11;5;151;0;65;[];[{'screen_name': 'TufaAttack', 'name': 'Tufa Attack', 'id': 1519429633590013953, 'id_str': '1519429633590013953', 'indices': [3, 14]}, {'screen_name': 'staratlas', 'name': 'Star Atlas', 'id': 1318241077191639048, 'id_str': '1318241077191639048', 'indices': [108, 118]}];"We're excited to announce a tournament aligned with the release of Tufa Attack empowered by @StarAtlas!

From May 8‚Ä¶ https://t.co/htz8NQ6D8B";Positive;0.9490334391593933;Positive;0.7656758427619934
56;1521245746712186880;2022-05-02 21:50:24+00:00;TuanTranlee;False;;11;5;151;0;1;[];[{'screen_name': 'ASutherland78', 'name': 'Sutherland', 'id': 879504167198502912, 'id_str': '879504167198502912', 'indices': [3, 17]}];"""It is surreal to know that you are in your own little spaceship, and a few inches from you is instant death"" 
-Sco‚Ä¶ https://t.co/ZZEZskSZND";Neutral;0.5463565587997437;Negative;0.7718117237091064
57;1521245666714218496;2022-05-02 21:50:04+00:00;TuanTranlee;False;;11;5;151;0;121;[];[{'screen_name': 'staratlas', 'name': 'Star Atlas', 'id': 1318241077191639048, 'id_str': '1318241077191639048', 'indices': [3, 13]}, {'screen_name': 'TheSandboxGame', 'name': 'The Sandbox', 'id': 347831597, 'id_str': '347831597', 'indices': [76, 91]}, {'screen_name': 'blond_ish', 'name': 'BLONDISH', 'id': 23879955, 'id_str': '23879955', 'indices': [96, 106]}];"Submissions are officially OPEN for our VoxEdit contest with @TheSandboxGame and @blond_ish. 

1st prize wins 20,00‚Ä¶ https://t.co/fyJFNzqXjs";Neutral;0.4977216124534607;Positive;0.5023996233940125
58;1521244428907823105;2022-05-02 21:45:09+00:00;AvcCrypto;False;ƒ∞stanbul, T√ºrkiye;73;6619;3014;16;0;[];[{'screen_name': 'staratlas', 'name': 'Star Atlas', 'id': 1318241077191639048, 'id_str': '1318241077191639048', 'indices': [0, 10]}, {'screen_name': 'TheSandboxGame', 'name': 'The Sandbox', 'id': 347831597, 'id_str': '347831597', 'indices': [11, 26]}, {'screen_name': 'blond_ish', 'name': 'BLONDISH', 'id': 23879955, 'id_str': '23879955', 'indices': [27, 37]}];"@staratlas @TheSandboxGame @blond_ish game of bankruptcy and sinking people üòâ
% 92 FEEL
funny kids üòÇ
trust is over‚Ä¶ https://t.co/aLTH7t0tir";Negative;0.7648617029190063;Negative;0.9602763056755066
59;1521244405528727552;2022-05-02 21:45:04+00:00;DarthBudha;False;Bristol, England;73;2;18;0;0;[];[{'screen_name': 'eshirreffs', 'name': 'nonfungibleevan.eth ü§ô', 'id': 406475840, 'id_str': '406475840', 'indices': [0, 11]}, {'screen_name': 'staratlas', 'name': 'Star Atlas', 'id': 1318241077191639048, 'id_str': '1318241077191639048', 'indices': [55, 65]}];@eshirreffs Yo dude! Still curious to get your take on @staratlas ?!;Neutral;0.6756007075309753;Neutral;0.9697685837745667
60;1521243620162035712;2022-05-02 21:41:57+00:00;RoseroSantii;False;;76;79;11376;0;65;[];[{'screen_name': 'TufaAttack', 'name': 'Tufa Attack', 'id': 1519429633590013953, 'id_str': '1519429633590013953', 'indices': [3, 14]}, {'screen_name': 'staratlas', 'name': 'Star Atlas', 'id': 1318241077191639048, 'id_str': '1318241077191639048', 'indices': [108, 118]}];"We're excited to announce a tournament aligned with the release of Tufa Attack empowered by @StarAtlas!

From May 8‚Ä¶ https://t.co/htz8NQ6D8B";Positive;0.9490334391593933;Positive;0.7656758427619934
61;1521242879674355712;2022-05-02 21:39:00+00:00;staratlas;True;Star Atlas;420;315490;4360;0;19;[];[{'screen_name': 'TufaAttack', 'name': 'Tufa Attack', 'id': 1519429633590013953, 'id_str': '1519429633590013953', 'indices': [3, 14]}, {'screen_name': 'DominicVain', 'name': 'Dominic', 'id': 1385684517621436417, 'id_str': '1385684517621436417', 'indices': [52, 64]}];"Here's a video explanation done by 
@DominicVain
 that explains the tournament and how to compete!

https://t.co/0nZGmI7Uxr";Neutral;0.8553163409233093;Neutral;0.9435065388679504
62;1521242852549750784;2022-05-02 21:38:54+00:00;staratlas;True;Star Atlas;420;315490;4360;0;65;[];[{'screen_name': 'TufaAttack', 'name': 'Tufa Attack', 'id': 1519429633590013953, 'id_str': '1519429633590013953', 'indices': [3, 14]}, {'screen_name': 'staratlas', 'name': 'Star Atlas', 'id': 1318241077191639048, 'id_str': '1318241077191639048', 'indices': [108, 118]}];"We're excited to announce a tournament aligned with the release of Tufa Attack empowered by @StarAtlas!

From May 8‚Ä¶ https://t.co/htz8NQ6D8B";Positive;0.9490334391593933;Positive;0.7656758427619934
63;1521242065660784641;2022-05-02 21:35:46+00:00;squallmacthorio;False;Brazil;1342;417;35257;0;65;[];[{'screen_name': 'TufaAttack', 'name': 'Tufa Attack', 'id': 1519429633590013953, 'id_str': '1519429633590013953', 'indices': [3, 14]}, {'screen_name': 'staratlas', 'name': 'Star Atlas', 'id': 1318241077191639048, 'id_str': '1318241077191639048', 'indices': [108, 118]}];"We're excited to announce a tournament aligned with the release of Tufa Attack empowered by @StarAtlas!

From May 8‚Ä¶ https://t.co/htz8NQ6D8B";Positive;0.9490334391593933;Positive;0.7656758427619934
64;1521240681720598528;2022-05-02 21:30:16+00:00;Jennife74513914;False;;15;1;3;0;2;[];[{'screen_name': 'Vanzellen1', 'name': 'Vanzellen', 'id': 1499068824997425153, 'id_str': '1499068824997425153', 'indices': [3, 14]}, {'screen_name': 'DMTLAND_', 'name': 'DMTüêê', 'id': 2782395924, 'id_str': '2782395924', 'indices': [16, 25]}, {'screen_name': 'staratlas', 'name': 'Star Atlas', 'id': 1318241077191639048, 'id_str': '1318241077191639048', 'indices': [26, 36]}, {'screen_name': 'UREEQA_Inc', 'name': 'UREEQA Inc.', 'id': 1307002708147277826, 'id_str': '1307002708147277826', 'indices': [37, 48]}, {'screen_name': 'swashapp', 'name': 'Swash', 'id': 1185924165066514432, 'id_str': '1185924165066514432', 'indices': [49, 58]}, {'screen_name': 'FerrumNetwork', 'name': 'Ferrum Network (ferrum-network.eth)', 'id': 994354474712993793, 'id_str': '994354474712993793', 'indices': [59, 73]}, {'screen_name': 'DefiNft', 'name': 'Charged Particles', 'id': 1230177568390819843, 'id_str': '1230177568390819843', 'indices': [74, 82]}, {'screen_name': 'RocketVault_', 'name': 'Rocket Vault now ‚ñ∂ RocketX ($RVF)', 'id': 1461770192279662593, 'id_str': '1461770192279662593', 'indices': [83, 96]}, {'screen_name': 'NetVRk1', 'name': 'Netvrk', 'id': 1364595094700101632, 'id_str': '1364595094700101632', 'indices': [97, 105]}, {'screen_name': 'AI_Autonio', 'name': 'Autonio', 'id': 899425896112693249, 'id_str': '899425896112693249', 'indices': [106, 117]}, {'screen_name': 'plethori', 'name': 'Plethori', 'id': 1361498853598519301, 'id_str': '1361498853598519301', 'indices': [118, 127]}, {'screen_name': 'QuiverX5', 'name': 'QuiverX', 'id': 1287610925978013697, 'id_str': '1287610925978013697', 'indices': [128, 137]}];@DMTLAND_ @staratlas @UREEQA_Inc @swashapp @FerrumNetwork @DefiNft @RocketVault_ @NetVRk1 @AI_Autonio @plethori @QuiverX5 Done all rule;Neutral;0.7828968167304993;Neutral;0.7841547131538391
65;1521239770827010049;2022-05-02 21:26:39+00:00;BULK_Guild;False;The Metaverse;441;1038;486;0;65;[];[{'screen_name': 'TufaAttack', 'name': 'Tufa Attack', 'id': 1519429633590013953, 'id_str': '1519429633590013953', 'indices': [3, 14]}, {'screen_name': 'staratlas', 'name': 'Star Atlas', 'id': 1318241077191639048, 'id_str': '1318241077191639048', 'indices': [108, 118]}];"We're excited to announce a tournament aligned with the release of Tufa Attack empowered by @StarAtlas!

From May 8‚Ä¶ https://t.co/htz8NQ6D8B";Positive;0.9490334391593933;Positive;0.7656758427619934
66;1521239056654475264;2022-05-02 21:23:49+00:00;onurrr0618;False;T√ºrkiye;39;30;2880;1;0;[];[{'screen_name': 'GenxAnalytics', 'name': 'GenX Analytics‚Ñ¢ üåü', 'id': 1344747827214237697, 'id_str': '1344747827214237697', 'indices': [0, 14]}, {'screen_name': 'AuroryProject', 'name': 'Aurory', 'id': 1383146606237745154, 'id_str': '1383146606237745154', 'indices': [15, 29]}, {'screen_name': 'TheMonkeyLeague', 'name': 'MonkeyLeague üêµ‚öΩ‚ôüÔ∏è', 'id': 1444636163055181825, 'id_str': '1444636163055181825', 'indices': [30, 46]}, {'screen_name': 'ProjectSeedGame', 'name': 'Project SEED', 'id': 1385816544253337600, 'id_str': '1385816544253337600', 'indices': [47, 63]}, {'screen_name': 'Starbots_game', 'name': 'Starbots Game üê∂ü§ñ OPEN ALPHA LIVE!', 'id': 1440618778664988684, 'id_str': '1440618778664988684', 'indices': [64, 78]}, {'screen_name': 'DeFi_Land', 'name': 'DeFi Land', 'id': 1394970863112437760, 'id_str': '1394970863112437760', 'indices': [79, 89]}, {'screen_name': 'staratlas', 'name': 'Star Atlas', 'id': 1318241077191639048, 'id_str': '1318241077191639048', 'indices': [90, 100]}, {'screen_name': 'BitspawnGG', 'name': 'Bitspawn', 'id': 1120371532306571272, 'id_str': '1120371532306571272', 'indices': [101, 112]}];@GenxAnalytics @AuroryProject @TheMonkeyLeague @ProjectSeedGame @Starbots_game @DeFi_Land @staratlas @BitspawnGG‚Ä¶ https://t.co/FAeHXwb6Aq;Neutral;0.8990930318832397;Neutral;0.7847106456756592
67;1521237475968094208;2022-05-02 21:17:32+00:00;Deraylzz;False;United States;47;6;577;0;0;[];[{'screen_name': 'RaphaelBogdanov', 'name': 'Raphael Bogdanov üá∫üá¶', 'id': 2898207334, 'id_str': '2898207334', 'indices': [0, 16]}, {'screen_name': 'staratlas', 'name': 'Star Atlas', 'id': 1318241077191639048, 'id_str': '1318241077191639048', 'indices': [17, 27]}, {'screen_name': 'TheSandboxGame', 'name': 'The Sandbox', 'id': 347831597, 'id_str': '347831597', 'indices': [28, 43]}, {'screen_name': 'blond_ish', 'name': 'BLONDISH', 'id': 23879955, 'id_str': '23879955', 'indices': [44, 54]}];@RaphaelBogdanov @staratlas @TheSandboxGame @blond_ish Just buy ships and stake why does it need to be a coin with no use yet?;Neutral;0.6189168095588684;Neutral;0.8498677015304565
68;1521236871413649408;2022-05-02 21:15:08+00:00;WallisKit1;False;;14;3;4;0;2;[];[{'screen_name': 'Vanzellen1', 'name': 'Vanzellen', 'id': 1499068824997425153, 'id_str': '1499068824997425153', 'indices': [3, 14]}, {'screen_name': 'DMTLAND_', 'name': 'DMTüêê', 'id': 2782395924, 'id_str': '2782395924', 'indices': [16, 25]}, {'screen_name': 'staratlas', 'name': 'Star Atlas', 'id': 1318241077191639048, 'id_str': '1318241077191639048', 'indices': [26, 36]}, {'screen_name': 'UREEQA_Inc', 'name': 'UREEQA Inc.', 'id': 1307002708147277826, 'id_str': '1307002708147277826', 'indices': [37, 48]}, {'screen_name': 'swashapp', 'name': 'Swash', 'id': 1185924165066514432, 'id_str': '1185924165066514432', 'indices': [49, 58]}, {'screen_name': 'FerrumNetwork', 'name': 'Ferrum Network (ferrum-network.eth)', 'id': 994354474712993793, 'id_str': '994354474712993793', 'indices': [59, 73]}, {'screen_name': 'DefiNft', 'name': 'Charged Particles', 'id': 1230177568390819843, 'id_str': '1230177568390819843', 'indices': [74, 82]}, {'screen_name': 'RocketVault_', 'name': 'Rocket Vault now ‚ñ∂ RocketX ($RVF)', 'id': 1461770192279662593, 'id_str': '1461770192279662593', 'indices': [83, 96]}, {'screen_name': 'NetVRk1', 'name': 'Netvrk', 'id': 1364595094700101632, 'id_str': '1364595094700101632', 'indices': [97, 105]}, {'screen_name': 'AI_Autonio', 'name': 'Autonio', 'id': 899425896112693249, 'id_str': '899425896112693249', 'indices': [106, 117]}, {'screen_name': 'plethori', 'name': 'Plethori', 'id': 1361498853598519301, 'id_str': '1361498853598519301', 'indices': [118, 127]}, {'screen_name': 'QuiverX5', 'name': 'QuiverX', 'id': 1287610925978013697, 'id_str': '1287610925978013697', 'indices': [128, 137]}];@DMTLAND_ @staratlas @UREEQA_Inc @swashapp @FerrumNetwork @DefiNft @RocketVault_ @NetVRk1 @AI_Autonio @plethori @QuiverX5 Done all rule;Neutral;0.7828968167304993;Neutral;0.7841547131538391
69;1521236269711650816;2022-05-02 21:12:44+00:00;Pettyme20;False;;210;8;880;0;121;[];[{'screen_name': 'staratlas', 'name': 'Star Atlas', 'id': 1318241077191639048, 'id_str': '1318241077191639048', 'indices': [3, 13]}, {'screen_name': 'TheSandboxGame', 'name': 'The Sandbox', 'id': 347831597, 'id_str': '347831597', 'indices': [76, 91]}, {'screen_name': 'blond_ish', 'name': 'BLONDISH', 'id': 23879955, 'id_str': '23879955', 'indices': [96, 106]}];"Submissions are officially OPEN for our VoxEdit contest with @TheSandboxGame and @blond_ish. 

1st prize wins 20,00‚Ä¶ https://t.co/fyJFNzqXjs";Neutral;0.4977216124534607;Positive;0.5023996233940125
70;1521235191909519361;2022-05-02 21:08:27+00:00;TekkayaSinem;False;;401;26;3651;0;149;[];[{'screen_name': 'staratlas', 'name': 'Star Atlas', 'id': 1318241077191639048, 'id_str': '1318241077191639048', 'indices': [3, 13]}];"üöÄ Attention, Deep Space Explores! üöÄ

It's time for the Weekly Star Atlas Roadmap Scan, now featuring a battle-thirs‚Ä¶ https://t.co/Cm7mXinOrh";Positive;0.6626733541488647;Neutral;0.7110316753387451
71;1521234953987575812;2022-05-02 21:07:30+00:00;TekkayaSinem;False;;401;26;3651;0;32;[];[{'screen_name': 'flacc_0', 'name': 'flacco | foccNO | Real Deal üí£‚ò†Ô∏èü¶ä', 'id': 1369674140701974537, 'id_str': '1369674140701974537', 'indices': [3, 11]}];"My entry for the Star Atlas VoxEdit Contest, 
The Ustur SentinelüöÄ

Had fun making this guy with especially the ""man‚Ä¶ https://t.co/JvkM6zgD77";Positive;0.9086205959320068;Positive;0.9612889289855957
72;1521234837788581889;2022-05-02 21:07:03+00:00;TekkayaSinem;False;;401;26;3651;0;121;[];[{'screen_name': 'staratlas', 'name': 'Star Atlas', 'id': 1318241077191639048, 'id_str': '1318241077191639048', 'indices': [3, 13]}, {'screen_name': 'TheSandboxGame', 'name': 'The Sandbox', 'id': 347831597, 'id_str': '347831597', 'indices': [76, 91]}, {'screen_name': 'blond_ish', 'name': 'BLONDISH', 'id': 23879955, 'id_str': '23879955', 'indices': [96, 106]}];"Submissions are officially OPEN for our VoxEdit contest with @TheSandboxGame and @blond_ish. 

1st prize wins 20,00‚Ä¶ https://t.co/fyJFNzqXjs";Neutral;0.4977216124534607;Positive;0.5023996233940125
73;1521234629314949121;2022-05-02 21:06:13+00:00;222ability;False;;1461;741;1205;0;0;[];[{'screen_name': 'chainarcade', 'name': 'Blockchain Arcade', 'id': 1494748842499231750, 'id_str': '1494748842499231750', 'indices': [0, 12]}, {'screen_name': 'AxieInfinity', 'name': 'Axie Infinityü¶áüîä', 'id': 957716432430641152, 'id_str': '957716432430641152', 'indices': [13, 26]}, {'screen_name': 'SolarbotsIO', 'name': 'Solarbots Official', 'id': 1452576062496382981, 'id_str': '1452576062496382981', 'indices': [27, 39]}, {'screen_name': 'staratlas', 'name': 'Star Atlas', 'id': 1318241077191639048, 'id_str': '1318241077191639048', 'indices': [40, 50]}, {'screen_name': 'PegaxyOfficial', 'name': 'Pegaxy', 'id': 1390209663430365186, 'id_str': '1390209663430365186', 'indices': [51, 66]}, {'screen_name': 'CyberKongz', 'name': 'CyberKongz', 'id': 1367095024069062657, 'id_str': '1367095024069062657', 'indices': [67, 78]}, {'screen_name': 'crypto_unicorns', 'name': 'Crypto Unicorns', 'id': 1424701935265980417, 'id_str': '1424701935265980417', 'indices': [79, 95]}, {'screen_name': 'DefiKingdoms', 'name': 'DeFi Kingdoms', 'id': 1412168764284706822, 'id_str': '1412168764284706822', 'indices': [96, 109]}];@chainarcade @AxieInfinity @SolarbotsIO @staratlas @PegaxyOfficial @CyberKongz @crypto_unicorns @DefiKingdoms‚Ä¶ https://t.co/ZVcep1Q9V4;Neutral;0.8761154413223267;Neutral;0.8382581472396851
74;1521233241126150152;2022-05-02 21:00:42+00:00;mobirite;False;South Africa;20;63;12;3;0;[];[{'screen_name': 'TufaAttack', 'name': 'Tufa Attack', 'id': 1519429633590013953, 'id_str': '1519429633590013953', 'indices': [0, 11]}, {'screen_name': 'staratlas', 'name': 'Star Atlas', 'id': 1318241077191639048, 'id_str': '1318241077191639048', 'indices': [12, 22]}];@TufaAttack @staratlas that is AWESOME;Positive;0.9792346954345703;Positive;0.9379667639732361
75;1521232965086416900;2022-05-02 20:59:36+00:00;danielepunto2;False;;16;10;198;0;121;[];[{'screen_name': 'staratlas', 'name': 'Star Atlas', 'id': 1318241077191639048, 'id_str': '1318241077191639048', 'indices': [3, 13]}, {'screen_name': 'TheSandboxGame', 'name': 'The Sandbox', 'id': 347831597, 'id_str': '347831597', 'indices': [76, 91]}, {'screen_name': 'blond_ish', 'name': 'BLONDISH', 'id': 23879955, 'id_str': '23879955', 'indices': [96, 106]}];"Submissions are officially OPEN for our VoxEdit contest with @TheSandboxGame and @blond_ish. 

1st prize wins 20,00‚Ä¶ https://t.co/fyJFNzqXjs";Neutral;0.4977216124534607;Positive;0.5023996233940125
76;1521232877366636544;2022-05-02 20:59:15+00:00;DominicVain;False;;145;292;238;0;65;[];[{'screen_name': 'TufaAttack', 'name': 'Tufa Attack', 'id': 1519429633590013953, 'id_str': '1519429633590013953', 'indices': [3, 14]}, {'screen_name': 'staratlas', 'name': 'Star Atlas', 'id': 1318241077191639048, 'id_str': '1318241077191639048', 'indices': [108, 118]}];"We're excited to announce a tournament aligned with the release of Tufa Attack empowered by @StarAtlas!

From May 8‚Ä¶ https://t.co/htz8NQ6D8B";Positive;0.9490334391593933;Positive;0.7656758427619934
77;1521232733502001152;2022-05-02 20:58:41+00:00;TufaAttack;False;Everywhere;0;109;2;207;65;[];[{'screen_name': 'staratlas', 'name': 'Star Atlas', 'id': 1318241077191639048, 'id_str': '1318241077191639048', 'indices': [92, 102]}];"We're excited to announce a tournament aligned with the release of Tufa Attack empowered by @StarAtlas!

From May 8‚Ä¶ https://t.co/htz8NQ6D8B";Positive;0.9490334391593933;Positive;0.7656758427619934
78;1521232264524353539;2022-05-02 20:56:49+00:00;GuncelOolay;False;;208;30;1375;0;121;[];[{'screen_name': 'staratlas', 'name': 'Star Atlas', 'id': 1318241077191639048, 'id_str': '1318241077191639048', 'indices': [3, 13]}, {'screen_name': 'TheSandboxGame', 'name': 'The Sandbox', 'id': 347831597, 'id_str': '347831597', 'indices': [76, 91]}, {'screen_name': 'blond_ish', 'name': 'BLONDISH', 'id': 23879955, 'id_str': '23879955', 'indices': [96, 106]}];"Submissions are officially OPEN for our VoxEdit contest with @TheSandboxGame and @blond_ish. 

1st prize wins 20,00‚Ä¶ https://t.co/fyJFNzqXjs";Neutral;0.4977216124534607;Positive;0.5023996233940125
79;1521230549133795328;2022-05-02 20:50:00+00:00;Peterxyzq;False;Warszawa, Polska;171;29;369;0;0;[];[{'screen_name': 'staratlas', 'name': 'Star Atlas', 'id': 1318241077191639048, 'id_str': '1318241077191639048', 'indices': [0, 10]}, {'screen_name': 'TheSandboxGame', 'name': 'The Sandbox', 'id': 347831597, 'id_str': '347831597', 'indices': [11, 26]}, {'screen_name': 'blond_ish', 'name': 'BLONDISH', 'id': 23879955, 'id_str': '23879955', 'indices': [27, 37]}];@staratlas @TheSandboxGame @blond_ish Nice üëç;Positive;0.9228381514549255;Positive;0.898929238319397
80;1521229857606184960;2022-05-02 20:47:15+00:00;Ponchovilla62;False;ChIcAgO...;1169;401;6482;1;0;[];[{'screen_name': 'luther_boyle', 'name': 'LutherCrypto', 'id': 1466437274627940357, 'id_str': '1466437274627940357', 'indices': [0, 13]}, {'screen_name': 'CoinMarketCap', 'name': 'CoinMarketCap', 'id': 2260491445, 'id_str': '2260491445', 'indices': [14, 28]}, {'screen_name': 'ZooEcosystem', 'name': 'ZOO ECOSYSTEM', 'id': 1363048611790086145, 'id_str': '1363048611790086145', 'indices': [29, 42]}, {'screen_name': 'staratlas', 'name': 'Star Atlas', 'id': 1318241077191639048, 'id_str': '1318241077191639048', 'indices': [43, 53]}, {'screen_name': 'vEmpireDDAO', 'name': 'vEmpire DDAO', 'id': 1401267050950148098, 'id_str': '1401267050950148098', 'indices': [54, 66]}, {'screen_name': 'altura_nft', 'name': 'Altura', 'id': 1381135276794388482, 'id_str': '1381135276794388482', 'indices': [67, 78]}, {'screen_name': 'RFOX_Official', 'name': 'RFOX', 'id': 1008974106375548928, 'id_str': '1008974106375548928', 'indices': [79, 93]}, {'screen_name': 'PhantasmaChain', 'name': 'Phantasma', 'id': 955245895188209664, 'id_str': '955245895188209664', 'indices': [94, 109]}];@luther_boyle @CoinMarketCap @ZooEcosystem @staratlas @vEmpireDDAO @altura_nft @RFOX_Official @PhantasmaChain‚Ä¶ https://t.co/AaJ16gq9Lu;Neutral;0.8831923604011536;Neutral;0.8762608170509338
81;1521229044867555329;2022-05-02 20:44:02+00:00;BigWinBTS1;False;New York, USA;3840;68;21509;0;1129;[];[{'screen_name': 'Souqdotgg', 'name': 'Souq', 'id': 1371513428855160834, 'id_str': '1371513428855160834', 'indices': [3, 13]}];"Grab your popcorn, you know what time it is 

üé• Episode 4: ‚ÄúOn a Pedestal‚Äù highlights Souq's sleek and informative‚Ä¶ https://t.co/j7rZNXVETI";Positive;0.7055649757385254;Positive;0.7465440630912781
82;1521228886692048898;2022-05-02 20:43:24+00:00;0xDavila;False;Austin, TX;4113;5182;8889;1;0;[];[{'screen_name': 'liquiddensity', 'name': 'liquiddensity.eth ‚úΩ', 'id': 1363583572364386310, 'id_str': '1363583572364386310', 'indices': [0, 14]}, {'screen_name': 'staratlas', 'name': 'Star Atlas', 'id': 1318241077191639048, 'id_str': '1318241077191639048', 'indices': [25, 35]}];@liquiddensity Check out @staratlas!;Neutral;0.7322698831558228;Neutral;0.9494322538375854
83;1521228556050878464;2022-05-02 20:42:05+00:00;PNaim5ASA;False;;465;62;1137;0;169;[{'text': 'NextGen', 'indices': [34, 42]}, {'text': 'metaverse', 'indices': [43, 53]}, {'text': 'AAAgame', 'indices': [54, 62]}];[{'screen_name': 'animocabrands', 'name': 'Animoca Brands', 'id': 2478217117, 'id_str': '2478217117', 'indices': [3, 17]}, {'screen_name': 'staratlas', 'name': 'Star Atlas', 'id': 1318241077191639048, 'id_str': '1318241077191639048', 'indices': [20, 30]}, {'screen_name': 'TheSandboxGame', 'name': 'The Sandbox', 'id': 347831597, 'id_str': '347831597', 'indices': [85, 100]}];".@staratlas, a #NextGen #metaverse #AAAgame, &amp; our subsidiary @TheSandboxGame today announced a collaboration that‚Ä¶ https://t.co/MTaQlpu7iK";Neutral;0.5437266230583191;Neutral;0.7226795554161072
84;1521228376148692994;2022-05-02 20:41:22+00:00;BfSvenjamin;False;Triberg im Schwarzwald;186;162;5870;0;121;[];[{'screen_name': 'staratlas', 'name': 'Star Atlas', 'id': 1318241077191639048, 'id_str': '1318241077191639048', 'indices': [3, 13]}, {'screen_name': 'TheSandboxGame', 'name': 'The Sandbox', 'id': 347831597, 'id_str': '347831597', 'indices': [76, 91]}, {'screen_name': 'blond_ish', 'name': 'BLONDISH', 'id': 23879955, 'id_str': '23879955', 'indices': [96, 106]}];"Submissions are officially OPEN for our VoxEdit contest with @TheSandboxGame and @blond_ish. 

1st prize wins 20,00‚Ä¶ https://t.co/fyJFNzqXjs";Neutral;0.4977216124534607;Positive;0.5023996233940125
85;1521227421198036998;2022-05-02 20:37:34+00:00;AntaresNet;False;Star Atlas;218;273;1905;0;121;[];[{'screen_name': 'staratlas', 'name': 'Star Atlas', 'id': 1318241077191639048, 'id_str': '1318241077191639048', 'indices': [3, 13]}, {'screen_name': 'TheSandboxGame', 'name': 'The Sandbox', 'id': 347831597, 'id_str': '347831597', 'indices': [76, 91]}, {'screen_name': 'blond_ish', 'name': 'BLONDISH', 'id': 23879955, 'id_str': '23879955', 'indices': [96, 106]}];"Submissions are officially OPEN for our VoxEdit contest with @TheSandboxGame and @blond_ish. 

1st prize wins 20,00‚Ä¶ https://t.co/fyJFNzqXjs";Neutral;0.4977216124534607;Positive;0.5023996233940125
86;1521225941288202242;2022-05-02 20:31:42+00:00;Kriptobilgi49;False;ƒ∞stanbul, T√ºrkiye;2825;224;12316;0;70;[{'text': 'game', 'indices': [43, 48]}, {'text': 'gamefi', 'indices': [74, 81]}];[{'screen_name': 'Y1Q1E', 'name': 'J4Y', 'id': 1512408528098672645, 'id_str': '1512408528098672645', 'indices': [3, 9]}, {'screen_name': 'Ubisoft', 'name': 'Ubisoft', 'id': 14922225, 'id_str': '14922225', 'indices': [115, 123]}, {'screen_name': 'AxieInfinity', 'name': 'Axie Infinityü¶áüîä', 'id': 957716432430641152, 'id_str': '957716432430641152', 'indices': [124, 137]}];"It takes a gamer to be a decent #game producer and yet not all #gamefi producers are qualified gamer. üßê
@Ubisoft‚Ä¶ https://t.co/vyOCPHRPRg";Negative;0.5702153444290161;Neutral;0.9010406136512756
87;1521223460915228672;2022-05-02 20:21:50+00:00;BklHsn;False;;68;13;829;0;121;[];[{'screen_name': 'staratlas', 'name': 'Star Atlas', 'id': 1318241077191639048, 'id_str': '1318241077191639048', 'indices': [3, 13]}, {'screen_name': 'TheSandboxGame', 'name': 'The Sandbox', 'id': 347831597, 'id_str': '347831597', 'indices': [76, 91]}, {'screen_name': 'blond_ish', 'name': 'BLONDISH', 'id': 23879955, 'id_str': '23879955', 'indices': [96, 106]}];"Submissions are officially OPEN for our VoxEdit contest with @TheSandboxGame and @blond_ish. 

1st prize wins 20,00‚Ä¶ https://t.co/fyJFNzqXjs";Neutral;0.4977216124534607;Positive;0.5023996233940125
88;1521223438253404163;2022-05-02 20:21:45+00:00;bored_gotos;False;;1392;6719;1179;0;70;[{'text': 'game', 'indices': [43, 48]}, {'text': 'gamefi', 'indices': [74, 81]}];[{'screen_name': 'Y1Q1E', 'name': 'J4Y', 'id': 1512408528098672645, 'id_str': '1512408528098672645', 'indices': [3, 9]}, {'screen_name': 'Ubisoft', 'name': 'Ubisoft', 'id': 14922225, 'id_str': '14922225', 'indices': [115, 123]}, {'screen_name': 'AxieInfinity', 'name': 'Axie Infinityü¶áüîä', 'id': 957716432430641152, 'id_str': '957716432430641152', 'indices': [124, 137]}];"It takes a gamer to be a decent #game producer and yet not all #gamefi producers are qualified gamer. üßê
@Ubisoft‚Ä¶ https://t.co/vyOCPHRPRg";Negative;0.5702153444290161;Neutral;0.9010406136512756
89;1521223378132217856;2022-05-02 20:21:30+00:00;atikarss;False;Miami, FL;680;7797;2679;0;70;[{'text': 'game', 'indices': [43, 48]}, {'text': 'gamefi', 'indices': [74, 81]}];[{'screen_name': 'Y1Q1E', 'name': 'J4Y', 'id': 1512408528098672645, 'id_str': '1512408528098672645', 'indices': [3, 9]}, {'screen_name': 'Ubisoft', 'name': 'Ubisoft', 'id': 14922225, 'id_str': '14922225', 'indices': [115, 123]}, {'screen_name': 'AxieInfinity', 'name': 'Axie Infinityü¶áüîä', 'id': 957716432430641152, 'id_str': '957716432430641152', 'indices': [124, 137]}];"It takes a gamer to be a decent #game producer and yet not all #gamefi producers are qualified gamer. üßê
@Ubisoft‚Ä¶ https://t.co/vyOCPHRPRg";Negative;0.5702153444290161;Neutral;0.9010406136512756
90;1521222981405528064;2022-05-02 20:19:56+00:00;maddoxoffurya;False;44.5588¬∞ N, 72.5778¬∞ W;366;327;404;1;0;[];[{'screen_name': 'staratlas', 'name': 'Star Atlas', 'id': 1318241077191639048, 'id_str': '1318241077191639048', 'indices': [0, 10]}, {'screen_name': 'TheSandboxGame', 'name': 'The Sandbox', 'id': 347831597, 'id_str': '347831597', 'indices': [11, 26]}, {'screen_name': 'blond_ish', 'name': 'BLONDISH', 'id': 23879955, 'id_str': '23879955', 'indices': [27, 37]}];@staratlas @TheSandboxGame @blond_ish We adamantly advertise VoxEdit Contests on stream - The Chat and I are wonder‚Ä¶ https://t.co/lkyQhEhZNT;Neutral;0.4847227931022644;Neutral;0.6932476758956909
91;1521222905794908162;2022-05-02 20:19:38+00:00;psnbrandonlee1;False;;211;15;182;0;121;[];[{'screen_name': 'staratlas', 'name': 'Star Atlas', 'id': 1318241077191639048, 'id_str': '1318241077191639048', 'indices': [3, 13]}, {'screen_name': 'TheSandboxGame', 'name': 'The Sandbox', 'id': 347831597, 'id_str': '347831597', 'indices': [76, 91]}, {'screen_name': 'blond_ish', 'name': 'BLONDISH', 'id': 23879955, 'id_str': '23879955', 'indices': [96, 106]}];"Submissions are officially OPEN for our VoxEdit contest with @TheSandboxGame and @blond_ish. 

1st prize wins 20,00‚Ä¶ https://t.co/fyJFNzqXjs";Neutral;0.4977216124534607;Positive;0.5023996233940125
92;1521222784302604290;2022-05-02 20:19:09+00:00;RaphaelBogdanov;False;;189;92;120;6;0;[];[{'screen_name': 'staratlas', 'name': 'Star Atlas', 'id': 1318241077191639048, 'id_str': '1318241077191639048', 'indices': [0, 10]}, {'screen_name': 'TheSandboxGame', 'name': 'The Sandbox', 'id': 347831597, 'id_str': '347831597', 'indices': [11, 26]}, {'screen_name': 'blond_ish', 'name': 'BLONDISH', 'id': 23879955, 'id_str': '23879955', 'indices': [27, 37]}];@staratlas @TheSandboxGame @blond_ish When fcking $polis staking ?;Negative;0.5870025157928467;Negative;0.7893478274345398
93;1521221083726336000;2022-05-02 20:12:23+00:00;mythnft0;False;New York, USA;1992;7296;1492;0;70;[{'text': 'game', 'indices': [43, 48]}, {'text': 'gamefi', 'indices': [74, 81]}];[{'screen_name': 'Y1Q1E', 'name': 'J4Y', 'id': 1512408528098672645, 'id_str': '1512408528098672645', 'indices': [3, 9]}, {'screen_name': 'Ubisoft', 'name': 'Ubisoft', 'id': 14922225, 'id_str': '14922225', 'indices': [115, 123]}, {'screen_name': 'AxieInfinity', 'name': 'Axie Infinityü¶áüîä', 'id': 957716432430641152, 'id_str': '957716432430641152', 'indices': [124, 137]}];"It takes a gamer to be a decent #game producer and yet not all #gamefi producers are qualified gamer. üßê
@Ubisoft‚Ä¶ https://t.co/vyOCPHRPRg";Negative;0.5702153444290161;Neutral;0.9010406136512756
94;1521220714182983680;2022-05-02 20:10:55+00:00;MythNft16;False;;2025;9177;1492;1;0;[];[{'screen_name': 'Y1Q1E', 'name': 'J4Y', 'id': 1512408528098672645, 'id_str': '1512408528098672645', 'indices': [0, 6]}, {'screen_name': 'Ubisoft', 'name': 'Ubisoft', 'id': 14922225, 'id_str': '14922225', 'indices': [7, 15]}, {'screen_name': 'AxieInfinity', 'name': 'Axie Infinityü¶áüîä', 'id': 957716432430641152, 'id_str': '957716432430641152', 'indices': [16, 29]}, {'screen_name': 'BoredApeYC', 'name': 'Bored Ape Yacht Club', 'id': 1381699264011771906, 'id_str': '1381699264011771906', 'indices': [30, 41]}, {'screen_name': 'staratlas', 'name': 'Star Atlas', 'id': 1318241077191639048, 'id_str': '1318241077191639048', 'indices': [42, 52]}, {'screen_name': 'playbigtime', 'name': 'Big Time | STREAMING NOW twitch.tv/bigtimestudios', 'id': 1359859875497582594, 'id_str': '1359859875497582594', 'indices': [53, 65]}];@Y1Q1E @Ubisoft @AxieInfinity @BoredApeYC @staratlas @playbigtime Right.;Neutral;0.7621378898620605;Neutral;0.9243189692497253
95;1521220530858348545;2022-05-02 20:10:12+00:00;MythNft16;False;;2025;9177;1492;0;70;[{'text': 'game', 'indices': [43, 48]}, {'text': 'gamefi', 'indices': [74, 81]}];[{'screen_name': 'Y1Q1E', 'name': 'J4Y', 'id': 1512408528098672645, 'id_str': '1512408528098672645', 'indices': [3, 9]}, {'screen_name': 'Ubisoft', 'name': 'Ubisoft', 'id': 14922225, 'id_str': '14922225', 'indices': [115, 123]}, {'screen_name': 'AxieInfinity', 'name': 'Axie Infinityü¶áüîä', 'id': 957716432430641152, 'id_str': '957716432430641152', 'indices': [124, 137]}];"It takes a gamer to be a decent #game producer and yet not all #gamefi producers are qualified gamer. üßê
@Ubisoft‚Ä¶ https://t.co/vyOCPHRPRg";Negative;0.5702153444290161;Neutral;0.9010406136512756
96;1521218489750638595;2022-05-02 20:02:05+00:00;TradinginTime;False;Cryptoverse;937;2637;24229;0;0;[{'text': 'StarAtlas', 'indices': [0, 10]}];[];"#StarAtlas $ATLAS
All time High: $0.2675 -93.52%
Current Price: $0.0173
Daily Volume: $4,403,370.00

Market Rank: #‚Ä¶ https://t.co/cWhSeZcx1x";Neutral;0.7798082828521729;Neutral;0.9704539775848389
97;1521215007622586372;2022-05-02 19:48:15+00:00;TreeSimulation;False;;3758;576;446;0;121;[];[{'screen_name': 'staratlas', 'name': 'Star Atlas', 'id': 1318241077191639048, 'id_str': '1318241077191639048', 'indices': [3, 13]}, {'screen_name': 'TheSandboxGame', 'name': 'The Sandbox', 'id': 347831597, 'id_str': '347831597', 'indices': [76, 91]}, {'screen_name': 'blond_ish', 'name': 'BLONDISH', 'id': 23879955, 'id_str': '23879955', 'indices': [96, 106]}];"Submissions are officially OPEN for our VoxEdit contest with @TheSandboxGame and @blond_ish. 

1st prize wins 20,00‚Ä¶ https://t.co/fyJFNzqXjs";Neutral;0.4977216124534607;Positive;0.5023996233940125
98;1521211851228520450;2022-05-02 19:35:42+00:00;egitmen;False;√áe≈üme, T√ºrkiye;242;118;3708;0;121;[];[{'screen_name': 'staratlas', 'name': 'Star Atlas', 'id': 1318241077191639048, 'id_str': '1318241077191639048', 'indices': [3, 13]}, {'screen_name': 'TheSandboxGame', 'name': 'The Sandbox', 'id': 347831597, 'id_str': '347831597', 'indices': [76, 91]}, {'screen_name': 'blond_ish', 'name': 'BLONDISH', 'id': 23879955, 'id_str': '23879955', 'indices': [96, 106]}];"Submissions are officially OPEN for our VoxEdit contest with @TheSandboxGame and @blond_ish. 

1st prize wins 20,00‚Ä¶ https://t.co/fyJFNzqXjs";Neutral;0.4977216124534607;Positive;0.5023996233940125
99;1521211051684990976;2022-05-02 19:32:32+00:00;Yohnny3333333;False;;256;117;9252;0;121;[];[{'screen_name': 'staratlas', 'name': 'Star Atlas', 'id': 1318241077191639048, 'id_str': '1318241077191639048', 'indices': [3, 13]}, {'screen_name': 'TheSandboxGame', 'name': 'The Sandbox', 'id': 347831597, 'id_str': '347831597', 'indices': [76, 91]}, {'screen_name': 'blond_ish', 'name': 'BLONDISH', 'id': 23879955, 'id_str': '23879955', 'indices': [96, 106]}];"Submissions are officially OPEN for our VoxEdit contest with @TheSandboxGame and @blond_ish. 

1st prize wins 20,00‚Ä¶ https://t.co/fyJFNzqXjs";Neutral;0.4977216124534607;Positive;0.5023996233940125
