;id;created_at;username;verified;location;following;followers;total_tweets;favorite_count;retweet_count;hashtags;mentions;text
0;1518016201200484352;2022-04-23 23:57:20+00:00;thewebbix;False;Lakeland, FL;31262;31656;225675;0;43;[];[{'screen_name': 'RuthownedbyGray', 'name': 'Ruth', 'id': 1258209108651581441, 'id_str': '1258209108651581441', 'indices': [3, 19]}];Of all the despicable things cult followers have done, this truly turns my stomach. You don‚Äôt deface our flag with‚Ä¶ https://t.co/qSgHty5Ki0
1;1518016171890511873;2022-04-23 23:57:13+00:00;RabbitHole_BB;False;#thelittlethings;362;2157;246363;0;390;[];[{'screen_name': 'eamonsphotoss', 'name': 'Eamon üåÉ', 'id': 1208182934945054722, 'id_str': '1208182934945054722', 'indices': [3, 17]}];landscapes across america https://t.co/3dipJqy1wZ
2;1518015936502108160;2022-04-23 23:56:17+00:00;erosen1;False;Philly from MoCo MD;5744;6791;37294;0;19;[];[{'screen_name': 'SurfsUpBodhi', 'name': 'Bodhi Sattva - üá∫üá¶ #IStandWithUkraine üá∫üá∏', 'id': 1119014143590305797, 'id_str': '1119014143590305797', 'indices': [3, 16]}];"Even USING the tag makes you their pawn as you're keeping it trending. 

Use your brain to outthink these people, s‚Ä¶ https://t.co/oxGvQrGrpB"
3;1518015599506456576;2022-04-23 23:54:56+00:00;rbmumsie;False;Colorado,  USA ;1174;1539;208017;0;49;[];[{'screen_name': 'SurfsUpBodhi', 'name': 'Bodhi Sattva - üá∫üá¶ #IStandWithUkraine üá∫üá∏', 'id': 1119014143590305797, 'id_str': '1119014143590305797', 'indices': [3, 16]}];"‚ö°Ô∏è ‚ÄúShould you still wear a mask on planes, trains, and buses? ‚Äù

YES. 

Don't be a redshirt. COVID wasn't a thing‚Ä¶ https://t.co/KIFlTVmnHy"
4;1518014308226981888;2022-04-23 23:49:49+00:00;hessom_kirby;False;92311;1569;594;6282;0;64;[];[{'screen_name': 'erosen1', 'name': 'Eric Rosen', 'id': 282617380, 'id_str': '282617380', 'indices': [3, 11]}];I'm sure it warms the hearts of the evangelical family values crowd to see all the photos of Trump, without the str‚Ä¶ https://t.co/BMwLh3SFN7
5;1518014147610488833;2022-04-23 23:49:10+00:00;IsaacsonSchmid;False;;157;120;5987;0;56;[{'text': 'BlueVoicesFL', 'indices': [66, 79]}, {'text': 'DeSantisDestroysFlorida', 'indices': [80, 104]}, {'text': 'DemocracyNotAutocracy', 'indices': [105, 127]}, {'text': 'Rabbithole', 'indices': [128, 139]}];[{'screen_name': 'RuthownedbyGray', 'name': 'Ruth', 'id': 1258209108651581441, 'id_str': '1258209108651581441', 'indices': [3, 19]}];I think many Floridians will agree with Val! #BlueVoicesFL #DeSantisDestroysFlorida #DemocracyNotAutocracy‚Ä¶ https://t.co/k9wKNQLRzS
6;1518014018564329473;2022-04-23 23:48:40+00:00;SurfsUpBodhi;False;Center of Idiocracy;12632;13641;69262;25;19;[];[];"Even USING the tag makes you their pawn as you're keeping it trending. 

Use your brain to outthink these people, s‚Ä¶ https://t.co/oxGvQrGrpB"
7;1518013412067880960;2022-04-23 23:46:15+00:00;mdot270inCA;False;Bay Area, CA;300;306;6747;0;43;[];[{'screen_name': 'RuthownedbyGray', 'name': 'Ruth', 'id': 1258209108651581441, 'id_str': '1258209108651581441', 'indices': [3, 19]}];Of all the despicable things cult followers have done, this truly turns my stomach. You don‚Äôt deface our flag with‚Ä¶ https://t.co/qSgHty5Ki0
8;1518013278827388929;2022-04-23 23:45:43+00:00;sanglo999;False;California, USA;1378;267;25709;0;43;[];[{'screen_name': 'RuthownedbyGray', 'name': 'Ruth', 'id': 1258209108651581441, 'id_str': '1258209108651581441', 'indices': [3, 19]}];Of all the despicable things cult followers have done, this truly turns my stomach. You don‚Äôt deface our flag with‚Ä¶ https://t.co/qSgHty5Ki0
9;1518013268035620864;2022-04-23 23:45:41+00:00;erosen1;False;Philly from MoCo MD;5744;6791;37294;0;43;[];[{'screen_name': 'RuthownedbyGray', 'name': 'Ruth', 'id': 1258209108651581441, 'id_str': '1258209108651581441', 'indices': [3, 19]}];Of all the despicable things cult followers have done, this truly turns my stomach. You don‚Äôt deface our flag with‚Ä¶ https://t.co/qSgHty5Ki0
10;1518013177853890566;2022-04-23 23:45:19+00:00;liewbob;False;Piscataway, NJ;25788;23466;151610;0;36;[{'text': 'BlueVoices', 'indices': [94, 105]}, {'text': 'Rabbithole', 'indices': [107, 118]}];[{'screen_name': 'erosen1', 'name': 'Eric Rosen', 'id': 282617380, 'id_str': '282617380', 'indices': [3, 11]}];"Brett Kavanaugh
Donald Trump
Matt Gaetz
Al Franken

Which one doesn‚Äôt belong?  

#BlueVoices 
#Rabbithole"
11;1518012836571537409;2022-04-23 23:43:58+00:00;lott_hayley;False;Washington, USA;6221;5670;325444;0;43;[];[{'screen_name': 'RuthownedbyGray', 'name': 'Ruth', 'id': 1258209108651581441, 'id_str': '1258209108651581441', 'indices': [3, 19]}];Of all the despicable things cult followers have done, this truly turns my stomach. You don‚Äôt deface our flag with‚Ä¶ https://t.co/qSgHty5Ki0
12;1518012795924533248;2022-04-23 23:43:48+00:00;li37144606;False;;233;224;891;0;8;[];[{'screen_name': 'rabbithole_gg', 'name': 'RabbitHole', 'id': 1254192452522696705, 'id_str': '1254192452522696705', 'indices': [3, 17]}];"What did you learn this week and how would you explain it in one tweet?

‚ú®Best responses get RabbitHole gear.‚ú® https://t.co/ltoqvhAQMD"
13;1518012218855538689;2022-04-23 23:41:30+00:00;KamZenolay;False;;11731;11449;188115;0;43;[];[{'screen_name': 'RuthownedbyGray', 'name': 'Ruth', 'id': 1258209108651581441, 'id_str': '1258209108651581441', 'indices': [3, 19]}];Of all the despicable things cult followers have done, this truly turns my stomach. You don‚Äôt deface our flag with‚Ä¶ https://t.co/qSgHty5Ki0
14;1518012029759537153;2022-04-23 23:40:45+00:00;RuthownedbyGray;False;South Florida, USA since 1973;15634;14807;23569;0;43;[];[{'screen_name': 'RuthownedbyGray', 'name': 'Ruth', 'id': 1258209108651581441, 'id_str': '1258209108651581441', 'indices': [3, 19]}];Of all the despicable things cult followers have done, this truly turns my stomach. You don‚Äôt deface our flag with‚Ä¶ https://t.co/qSgHty5Ki0
15;1518012005633904641;2022-04-23 23:40:40+00:00;KamZenolay;False;;11731;11449;188115;0;22;[];[{'screen_name': 'RuthownedbyGray', 'name': 'Ruth', 'id': 1258209108651581441, 'id_str': '1258209108651581441', 'indices': [3, 19]}];I wonder why there is an officer behind the prayer giver? Could it be because he is a POC and might need protection‚Ä¶ https://t.co/ztJujad7f9
16;1518011825941585922;2022-04-23 23:39:57+00:00;RuthownedbyGray;False;South Florida, USA since 1973;15634;14807;23569;68;43;[];[];Of all the despicable things cult followers have done, this truly turns my stomach. You don‚Äôt deface our flag with‚Ä¶ https://t.co/qSgHty5Ki0
17;1518011113211785216;2022-04-23 23:37:07+00:00;vwaddley;False;Southern California;6075;5722;190283;0;72;[{'text': 'StaceyAbrams4Gov', 'indices': [21, 38]}];"[{'screen_name': 'Catmandoodlebug', 'name': ""#VoteBlue Catmandu^..^,~üîéüìåCat's Candidates"", 'id': 1412039308731727873, 'id_str': '1412039308731727873', 'indices': [3, 19]}]";#StaceyAbrams4Gov ... Having a Candidate like Stacey Abrams, someone who cares enough to ask what matters to us, ma‚Ä¶ https://t.co/rsXmSjHYIc
18;1518009836339929088;2022-04-23 23:32:02+00:00;erosen1;False;Philly from MoCo MD;5744;6791;37294;0;22;[];[{'screen_name': 'RuthownedbyGray', 'name': 'Ruth', 'id': 1258209108651581441, 'id_str': '1258209108651581441', 'indices': [3, 19]}];I wonder why there is an officer behind the prayer giver? Could it be because he is a POC and might need protection‚Ä¶ https://t.co/ztJujad7f9
19;1518009635470462978;2022-04-23 23:31:15+00:00;rn_wing;False;Florida, USA;19275;19114;40182;0;22;[];[{'screen_name': 'RuthownedbyGray', 'name': 'Ruth', 'id': 1258209108651581441, 'id_str': '1258209108651581441', 'indices': [3, 19]}];I wonder why there is an officer behind the prayer giver? Could it be because he is a POC and might need protection‚Ä¶ https://t.co/ztJujad7f9
20;1518009079884664832;2022-04-23 23:29:02+00:00;thewebbix;False;Lakeland, FL;31262;31656;225675;0;36;[{'text': 'BlueVoices', 'indices': [94, 105]}, {'text': 'Rabbithole', 'indices': [107, 118]}];[{'screen_name': 'erosen1', 'name': 'Eric Rosen', 'id': 282617380, 'id_str': '282617380', 'indices': [3, 11]}];"Brett Kavanaugh
Donald Trump
Matt Gaetz
Al Franken

Which one doesn‚Äôt belong?  

#BlueVoices 
#Rabbithole"
21;1518008865396498432;2022-04-23 23:28:11+00:00;tshwangq;False;;3595;392;1642;0;0;[];[{'screen_name': 'rabbithole_gg', 'name': 'RabbitHole', 'id': 1254192452522696705, 'id_str': '1254192452522696705', 'indices': [0, 14]}];@rabbithole_gg tokens will replace fiat,  .dao will replace .gov
22;1518008856454090757;2022-04-23 23:28:09+00:00;RuthownedbyGray;False;South Florida, USA since 1973;15634;14807;23569;0;22;[];[{'screen_name': 'RuthownedbyGray', 'name': 'Ruth', 'id': 1258209108651581441, 'id_str': '1258209108651581441', 'indices': [3, 19]}];I wonder why there is an officer behind the prayer giver? Could it be because he is a POC and might need protection‚Ä¶ https://t.co/ztJujad7f9
23;1518008798966956032;2022-04-23 23:27:55+00:00;RuthownedbyGray;False;South Florida, USA since 1973;15634;14807;23569;25;22;[];[];I wonder why there is an officer behind the prayer giver? Could it be because he is a POC and might need protection‚Ä¶ https://t.co/ztJujad7f9
24;1518008615571017728;2022-04-23 23:27:11+00:00;marla_vous;False;New York, USA;3416;7092;45266;0;36;[{'text': 'BlueVoices', 'indices': [94, 105]}, {'text': 'Rabbithole', 'indices': [107, 118]}];[{'screen_name': 'erosen1', 'name': 'Eric Rosen', 'id': 282617380, 'id_str': '282617380', 'indices': [3, 11]}];"Brett Kavanaugh
Donald Trump
Matt Gaetz
Al Franken

Which one doesn‚Äôt belong?  

#BlueVoices 
#Rabbithole"
25;1518007958885441539;2022-04-23 23:24:35+00:00;__headspaceAI;False;In your head.;29;87;23576;1;0;[{'text': 'Propaganda', 'indices': [46, 57]}];[];"Wake up and smell the OPs. Beware the Russian #Propaganda 

https://t.co/5UobXPBhuj 

Noah Gragson, Jason Kidd, Yan‚Ä¶ https://t.co/GTnn1l1HVc"
26;1518007706803703810;2022-04-23 23:23:35+00:00;rn_wing;False;Florida, USA;19275;19114;40182;0;36;[{'text': 'BlueVoices', 'indices': [94, 105]}, {'text': 'Rabbithole', 'indices': [107, 118]}];[{'screen_name': 'erosen1', 'name': 'Eric Rosen', 'id': 282617380, 'id_str': '282617380', 'indices': [3, 11]}];"Brett Kavanaugh
Donald Trump
Matt Gaetz
Al Franken

Which one doesn‚Äôt belong?  

#BlueVoices 
#Rabbithole"
27;1518007037166178306;2022-04-23 23:20:55+00:00;keffberrystrien;False;United States;356;448;118842;0;61;[];[{'screen_name': 'AmericaFightHim', 'name': 'Peace and love', 'id': 351346086, 'id_str': '351346086', 'indices': [3, 19]}];Evil is evil. You can try to spruce it up with religion, decorate it in propaganda, adorn it with self righteousnes‚Ä¶ https://t.co/FJnXabx5Of
28;1518006514535043073;2022-04-23 23:18:50+00:00;kamimagic;False;;11020;16952;29384;0;36;[{'text': 'BlueVoices', 'indices': [94, 105]}, {'text': 'Rabbithole', 'indices': [107, 118]}];[{'screen_name': 'erosen1', 'name': 'Eric Rosen', 'id': 282617380, 'id_str': '282617380', 'indices': [3, 11]}];"Brett Kavanaugh
Donald Trump
Matt Gaetz
Al Franken

Which one doesn‚Äôt belong?  

#BlueVoices 
#Rabbithole"
29;1518006284334813185;2022-04-23 23:17:56+00:00;queensamiki;False;Norway;68;7;85;2;0;[];[];So while learning Japanese, I am just broadening my rabbithole to the japanese Nijisanji üëåüòÇ https://t.co/dG3f2AiK8z
30;1518005752732000256;2022-04-23 23:15:49+00:00;myerssinky;False;jacksonville fl;281;626;103227;0;36;[{'text': 'BlueVoices', 'indices': [94, 105]}, {'text': 'Rabbithole', 'indices': [107, 118]}];[{'screen_name': 'erosen1', 'name': 'Eric Rosen', 'id': 282617380, 'id_str': '282617380', 'indices': [3, 11]}];"Brett Kavanaugh
Donald Trump
Matt Gaetz
Al Franken

Which one doesn‚Äôt belong?  

#BlueVoices 
#Rabbithole"
31;1518005187750899713;2022-04-23 23:13:34+00:00;jmrbux2;False;Illinois then Arizona, now TX!;7634;7038;222021;0;72;[{'text': 'StaceyAbrams4Gov', 'indices': [21, 38]}];[{'screen_name': 'Catmandoodlebug', 'name': '#VoteBlue Catmandu^..^,~', 'id': 1412039308731727873, 'id_str': '1412039308731727873', 'indices': [3, 19]}];#StaceyAbrams4Gov ... Having a Candidate like Stacey Abrams, someone who cares enough to ask what matters to us, ma‚Ä¶ https://t.co/rsXmSjHYIc
32;1518005099624374272;2022-04-23 23:13:13+00:00;daisysdogdaddy;False;;2297;880;11652;0;23;[];[{'screen_name': 'AmericaFightHim', 'name': 'Peace and love', 'id': 351346086, 'id_str': '351346086', 'indices': [3, 19]}];"I remember hearing the same magical thinking when Mueller was ""investigating"" that I hear about Merrick Garland and‚Ä¶ https://t.co/Peq8ys7JgF"
33;1518004915196542978;2022-04-23 23:12:29+00:00;Mcatnip;False;;17606;16534;48871;0;72;[{'text': 'StaceyAbrams4Gov', 'indices': [21, 38]}];[{'screen_name': 'Catmandoodlebug', 'name': '#VoteBlue Catmandu^..^,~', 'id': 1412039308731727873, 'id_str': '1412039308731727873', 'indices': [3, 19]}];#StaceyAbrams4Gov ... Having a Candidate like Stacey Abrams, someone who cares enough to ask what matters to us, ma‚Ä¶ https://t.co/rsXmSjHYIc
34;1518004434818592768;2022-04-23 23:10:35+00:00;RabbitHole_BB;False;#thelittlethings;362;2157;246363;0;16;[{'text': 'Walker', 'indices': [70, 77]}, {'text': 'CordellWalker', 'indices': [78, 92]}, {'text': 'Nudge', 'indices': [93, 99]}, {'text': 'Flippies', 'indices': [100, 109]}];[{'screen_name': 'lemondropsonice', 'name': 'Sandi', 'id': 3333422057, 'id_str': '3333422057', 'indices': [3, 19]}];"Walker Advent Calendar 2021 ‚Ä¢ Belated Day 15 N¬∞1
#Walker #CordellWalker #Nudge #Flippies https://t.co/w6O7htun8x"
35;1518004408990285824;2022-04-23 23:10:28+00:00;RobertL03597018;False;Canada;923;589;13972;0;64;[];[{'screen_name': 'erosen1', 'name': 'Eric Rosen', 'id': 282617380, 'id_str': '282617380', 'indices': [3, 11]}];I'm sure it warms the hearts of the evangelical family values crowd to see all the photos of Trump, without the str‚Ä¶ https://t.co/BMwLh3SFN7
36;1518004207177019392;2022-04-23 23:09:40+00:00;Hatapecbiz;False;Ariel;1378;1160;9730;0;5;[];[{'screen_name': 'colt45price', 'name': 'Colt Price', 'id': 1597519435, 'id_str': '1597519435', 'indices': [3, 15]}, {'screen_name': 'MsDinklepuff', 'name': 'msdinklepuff.eth', 'id': 937753686201290752, 'id_str': '937753686201290752', 'indices': [17, 30]}, {'screen_name': 'derner85', 'name': 'derner.eth', 'id': 4917174394, 'id_str': '4917174394', 'indices': [31, 40]}, {'screen_name': 'PlayboyNFTS', 'name': 'PlayboyNFTS', 'id': 1445900613137494023, 'id_str': '1445900613137494023', 'indices': [41, 53]}, {'screen_name': 'laube_mark', 'name': 'Marky Mark (Not rich- (poor)) üçµüê∞', 'id': 1363184264796381185, 'id_str': '1363184264796381185', 'indices': [54, 65]}, {'screen_name': 'DerabbitagsNFT', 'name': 'Derabbitags NFT', 'id': 1491559420614131713, 'id_str': '1491559420614131713', 'indices': [66, 81]}, {'screen_name': 'Needles1000', 'name': '1000NŒûŒûDLŒûS', 'id': 1397940860, 'id_str': '1397940860', 'indices': [82, 94]}, {'screen_name': 'Weedduh', 'name': 'weedduh.tez', 'id': 199385580, 'id_str': '199385580', 'indices': [95, 103]}, {'screen_name': 'DegenDiogenestv', 'name': 'Degen Diogenes üï∂Ô∏è', 'id': 1507733465051054082, 'id_str': '1507733465051054082', 'indices': [104, 120]}, {'screen_name': 'TurTasta', 'name': 'tasta tur', 'id': 44742673, 'id_str': '44742673', 'indices': [121, 130]}];@MsDinklepuff @derner85 @PlayboyNFTS @laube_mark @DerabbitagsNFT @Needles1000 @Weedduh @DegenDiogenestv @TurTasta‚Ä¶ https://t.co/L2BEAalcm5
37;1518003186841403392;2022-04-23 23:05:37+00:00;AmericaFightHim;False;United States;13926;13740;228556;0;23;[];[{'screen_name': 'AmericaFightHim', 'name': 'Peace and love', 'id': 351346086, 'id_str': '351346086', 'indices': [3, 19]}];"I remember hearing the same magical thinking when Mueller was ""investigating"" that I hear about Merrick Garland and‚Ä¶ https://t.co/Peq8ys7JgF"
38;1518003096953270273;2022-04-23 23:05:16+00:00;AmericaFightHim;False;United States;13926;13740;228556;0;61;[];[{'screen_name': 'AmericaFightHim', 'name': 'Peace and love', 'id': 351346086, 'id_str': '351346086', 'indices': [3, 19]}];Evil is evil. You can try to spruce it up with religion, decorate it in propaganda, adorn it with self righteousnes‚Ä¶ https://t.co/FJnXabx5Of
39;1518002627472199680;2022-04-23 23:03:24+00:00;liz77619;False;;207;140;6860;0;36;[{'text': 'BlueVoices', 'indices': [94, 105]}, {'text': 'Rabbithole', 'indices': [107, 118]}];[{'screen_name': 'erosen1', 'name': 'Eric Rosen', 'id': 282617380, 'id_str': '282617380', 'indices': [3, 11]}];"Brett Kavanaugh
Donald Trump
Matt Gaetz
Al Franken

Which one doesn‚Äôt belong?  

#BlueVoices 
#Rabbithole"
40;1518002485394391042;2022-04-23 23:02:50+00:00;donnahouston06;False;;590;431;64565;0;36;[{'text': 'BlueVoices', 'indices': [94, 105]}, {'text': 'Rabbithole', 'indices': [107, 118]}];[{'screen_name': 'erosen1', 'name': 'Eric Rosen', 'id': 282617380, 'id_str': '282617380', 'indices': [3, 11]}];"Brett Kavanaugh
Donald Trump
Matt Gaetz
Al Franken

Which one doesn‚Äôt belong?  

#BlueVoices 
#Rabbithole"
41;1518002353294741506;2022-04-23 23:02:18+00:00;Catmandoodlebug;False;Athens, GA;6649;6146;15288;0;64;[];[{'screen_name': 'erosen1', 'name': 'Eric Rosen', 'id': 282617380, 'id_str': '282617380', 'indices': [3, 11]}];I'm sure it warms the hearts of the evangelical family values crowd to see all the photos of Trump, without the str‚Ä¶ https://t.co/BMwLh3SFN7
42;1518001992936804352;2022-04-23 23:00:52+00:00;electroboyusa;False;Los Angeles;62259;111206;231259;0;36;[{'text': 'BlueVoices', 'indices': [94, 105]}, {'text': 'Rabbithole', 'indices': [107, 118]}];[{'screen_name': 'erosen1', 'name': 'Eric Rosen', 'id': 282617380, 'id_str': '282617380', 'indices': [3, 11]}];"Brett Kavanaugh
Donald Trump
Matt Gaetz
Al Franken

Which one doesn‚Äôt belong?  

#BlueVoices 
#Rabbithole"
43;1518001298519601154;2022-04-23 22:58:07+00:00;curtisc5105;False;Florida Dist. 6;4655;4278;50123;0;36;[{'text': 'BlueVoices', 'indices': [94, 105]}, {'text': 'Rabbithole', 'indices': [107, 118]}];[{'screen_name': 'erosen1', 'name': 'Eric Rosen', 'id': 282617380, 'id_str': '282617380', 'indices': [3, 11]}];"Brett Kavanaugh
Donald Trump
Matt Gaetz
Al Franken

Which one doesn‚Äôt belong?  

#BlueVoices 
#Rabbithole"
44;1518001267389435905;2022-04-23 22:57:59+00:00;trilldao;False;i.imgur.com/iOboKI9;927;44;2035;0;34;[];[{'screen_name': 'tanthaip', 'name': 'tanthai.eth', 'id': 805861741926092801, 'id_str': '805861741926092801', 'indices': [3, 12]}];"Excited to announce that I've quit my job in web3 to go back to FAANG because apparently ""12 MAUs is not enough to‚Ä¶ https://t.co/IHvpY3O6pK"
45;1518000976543850498;2022-04-23 22:56:50+00:00;Catmandoodlebug;False;Athens, GA;6649;6146;15288;0;19;[];[{'screen_name': 'AmericaFightHim', 'name': 'Peace and love', 'id': 351346086, 'id_str': '351346086', 'indices': [3, 19]}, {'screen_name': 'TheJusticeDept', 'name': 'Justice Department', 'id': 73181712, 'id_str': '73181712', 'indices': [88, 103]}];Save the drama, refer crimes found by Trump and his accomplices to @TheJusticeDept and let them blow the roof off t‚Ä¶ https://t.co/FoJqUbclVP
46;1517999850931036163;2022-04-23 22:52:22+00:00;PeakyB19;False;England, United Kingdom;449;99;269;0;0;[];[{'screen_name': 'rabbithole_gg', 'name': 'RabbitHole', 'id': 1254192452522696705, 'id_str': '1254192452522696705', 'indices': [0, 14]}];@rabbithole_gg If we can learn Web3 more cheaplyüòø
47;1517999722698473472;2022-04-23 22:51:51+00:00;Elizabe55310491;False;Philly, Madison, Santa Fe,DEN;1188;679;27232;0;50;[{'text': 'BLM', 'indices': [13, 17]}];[{'screen_name': 'erosen1', 'name': 'Eric Rosen', 'id': 282617380, 'id_str': '282617380', 'indices': [3, 11]}];#BLM OTD 1872 Charlotte E. Ray became the 1st Black woman admitted to practice law in Washington, D.C. She was also‚Ä¶ https://t.co/iHOkxDRtWw
48;1517999713072697344;2022-04-23 22:51:49+00:00;erosen1;False;Philly from MoCo MD;5744;6791;37294;104;36;[{'text': 'BlueVoices', 'indices': [81, 92]}, {'text': 'Rabbithole', 'indices': [94, 105]}];[];"Brett Kavanaugh
Donald Trump
Matt Gaetz
Al Franken

Which one doesn‚Äôt belong?  

#BlueVoices 
#Rabbithole"
49;1517999416463962112;2022-04-23 22:50:38+00:00;__headspaceAI;False;In your head.;29;87;23576;0;0;[{'text': 'Propaganda', 'indices': [55, 66]}];[];"Emotional topics make you a target. Beware the Russian #Propaganda 

https://t.co/5UobXPBhuj 

Joshua, Yankees, Sam‚Ä¶ https://t.co/WyqWzN9phw"
50;1517999211043819525;2022-04-23 22:49:49+00:00;joinburst;False;;122;950;907;0;0;[];[{'screen_name': 'rabbithole_gg', 'name': 'RabbitHole', 'id': 1254192452522696705, 'id_str': '1254192452522696705', 'indices': [0, 14]}];@rabbithole_gg I learned what the future of blockchain might look like: https://t.co/DtDfsNLXYz
51;1517998903559286785;2022-04-23 22:48:36+00:00;RogueCitizenOne;False;Northern California;26270;29053;169510;0;50;[{'text': 'BLM', 'indices': [13, 17]}];[{'screen_name': 'erosen1', 'name': 'Eric Rosen', 'id': 282617380, 'id_str': '282617380', 'indices': [3, 11]}];#BLM OTD 1872 Charlotte E. Ray became the 1st Black woman admitted to practice law in Washington, D.C. She was also‚Ä¶ https://t.co/iHOkxDRtWw
52;1517998831241158656;2022-04-23 22:48:19+00:00;4glendaadcock;False;;187;42;6313;0;50;[{'text': 'BLM', 'indices': [13, 17]}];[{'screen_name': 'erosen1', 'name': 'Eric Rosen', 'id': 282617380, 'id_str': '282617380', 'indices': [3, 11]}];#BLM OTD 1872 Charlotte E. Ray became the 1st Black woman admitted to practice law in Washington, D.C. She was also‚Ä¶ https://t.co/iHOkxDRtWw
53;1517998581726203905;2022-04-23 22:47:19+00:00;LeetheIG;False;Fort Lauderdale, FL;4881;2621;9112;0;72;[{'text': 'StaceyAbrams4Gov', 'indices': [21, 38]}];[{'screen_name': 'Catmandoodlebug', 'name': '#VoteBlue Catmandu^..^,~', 'id': 1412039308731727873, 'id_str': '1412039308731727873', 'indices': [3, 19]}];#StaceyAbrams4Gov ... Having a Candidate like Stacey Abrams, someone who cares enough to ask what matters to us, ma‚Ä¶ https://t.co/rsXmSjHYIc
54;1517998343645024258;2022-04-23 22:46:22+00:00;robertn34300689;False;;911;362;23464;0;72;[{'text': 'StaceyAbrams4Gov', 'indices': [21, 38]}];[{'screen_name': 'Catmandoodlebug', 'name': '#VoteBlue Catmandu^..^,~', 'id': 1412039308731727873, 'id_str': '1412039308731727873', 'indices': [3, 19]}];#StaceyAbrams4Gov ... Having a Candidate like Stacey Abrams, someone who cares enough to ask what matters to us, ma‚Ä¶ https://t.co/rsXmSjHYIc
55;1517996528962613248;2022-04-23 22:39:10+00:00;curtisc5105;False;Florida Dist. 6;4655;4278;50123;0;72;[{'text': 'StaceyAbrams4Gov', 'indices': [21, 38]}];[{'screen_name': 'Catmandoodlebug', 'name': '#VoteBlue Catmandu^..^,~', 'id': 1412039308731727873, 'id_str': '1412039308731727873', 'indices': [3, 19]}];#StaceyAbrams4Gov ... Having a Candidate like Stacey Abrams, someone who cares enough to ask what matters to us, ma‚Ä¶ https://t.co/rsXmSjHYIc
56;1517995726466600960;2022-04-23 22:35:58+00:00;ShahriyerShuvo;False;Returning to Monke;2355;961;8063;0;34;[];[{'screen_name': 'tanthaip', 'name': 'tanthai.eth', 'id': 805861741926092801, 'id_str': '805861741926092801', 'indices': [3, 12]}];"Excited to announce that I've quit my job in web3 to go back to FAANG because apparently ""12 MAUs is not enough to‚Ä¶ https://t.co/IHvpY3O6pK"
57;1517995341446262784;2022-04-23 22:34:27+00:00;kathid_d;False;Australia;25037;23310;315018;0;83;[{'text': 'DemocracyNotAutocracy', 'indices': [81, 103]}, {'text': 'BlueVoices', 'indices': [104, 115]}, {'text': 'wtpBLUE', 'indices': [116, 124]}, {'text': 'Rabbithole', 'indices': [125, 136]}];[{'screen_name': 'RuthownedbyGray', 'name': 'Ruth', 'id': 1258209108651581441, 'id_str': '1258209108651581441', 'indices': [3, 19]}];And a team effort on our part will vote them out of office! #DemocracyNotAutocracy #BlueVoices #wtpBLUE #Rabbithole‚Ä¶ https://t.co/O0F8CLfxz6
58;1517995068178673664;2022-04-23 22:33:21+00:00;vjani;False;;326;55;5241;0;34;[];[{'screen_name': 'tanthaip', 'name': 'tanthai.eth', 'id': 805861741926092801, 'id_str': '805861741926092801', 'indices': [3, 12]}];"Excited to announce that I've quit my job in web3 to go back to FAANG because apparently ""12 MAUs is not enough to‚Ä¶ https://t.co/IHvpY3O6pK"
59;1517994222363844609;2022-04-23 22:30:00+00:00;FranSparks17;False;North Carolina, USA;308;99;3419;0;83;[{'text': 'DemocracyNotAutocracy', 'indices': [81, 103]}, {'text': 'BlueVoices', 'indices': [104, 115]}, {'text': 'wtpBLUE', 'indices': [116, 124]}, {'text': 'Rabbithole', 'indices': [125, 136]}];[{'screen_name': 'RuthownedbyGray', 'name': 'Ruth', 'id': 1258209108651581441, 'id_str': '1258209108651581441', 'indices': [3, 19]}];And a team effort on our part will vote them out of office! #DemocracyNotAutocracy #BlueVoices #wtpBLUE #Rabbithole‚Ä¶ https://t.co/O0F8CLfxz6
60;1517994148896325632;2022-04-23 22:29:42+00:00;jaangry;False;Sweet Home CHICAGO;6951;6805;115196;0;72;[{'text': 'StaceyAbrams4Gov', 'indices': [21, 38]}];[{'screen_name': 'Catmandoodlebug', 'name': '#VoteBlue Catmandu^..^,~', 'id': 1412039308731727873, 'id_str': '1412039308731727873', 'indices': [3, 19]}];#StaceyAbrams4Gov ... Having a Candidate like Stacey Abrams, someone who cares enough to ask what matters to us, ma‚Ä¶ https://t.co/rsXmSjHYIc
61;1517994006705147904;2022-04-23 22:29:08+00:00;lurkingshipper;False;;371;488;10918;0;0;[];[];"Ironically couldn't find the promo shot that I think they used for season 2 thumbnail thingie. 

That's all I wante‚Ä¶ https://t.co/t5ef6tNmry"
62;1517993929228140544;2022-04-23 22:28:50+00:00;startin62818521;False;Tn;4406;3934;38560;0;83;[{'text': 'DemocracyNotAutocracy', 'indices': [81, 103]}, {'text': 'BlueVoices', 'indices': [104, 115]}, {'text': 'wtpBLUE', 'indices': [116, 124]}, {'text': 'Rabbithole', 'indices': [125, 136]}];[{'screen_name': 'RuthownedbyGray', 'name': 'Ruth', 'id': 1258209108651581441, 'id_str': '1258209108651581441', 'indices': [3, 19]}];And a team effort on our part will vote them out of office! #DemocracyNotAutocracy #BlueVoices #wtpBLUE #Rabbithole‚Ä¶ https://t.co/O0F8CLfxz6
63;1517993801889071108;2022-04-23 22:28:19+00:00;3M_MarkM;False;TX Hill Country;6528;6416;41021;0;83;[{'text': 'DemocracyNotAutocracy', 'indices': [81, 103]}, {'text': 'BlueVoices', 'indices': [104, 115]}, {'text': 'wtpBLUE', 'indices': [116, 124]}, {'text': 'Rabbithole', 'indices': [125, 136]}];[{'screen_name': 'RuthownedbyGray', 'name': 'Ruth', 'id': 1258209108651581441, 'id_str': '1258209108651581441', 'indices': [3, 19]}];And a team effort on our part will vote them out of office! #DemocracyNotAutocracy #BlueVoices #wtpBLUE #Rabbithole‚Ä¶ https://t.co/O0F8CLfxz6
64;1517993519834669056;2022-04-23 22:27:12+00:00;CherylBlueWave;False;United With People of Ukraine;40713;40122;65028;0;72;[{'text': 'StaceyAbrams4Gov', 'indices': [21, 38]}];[{'screen_name': 'Catmandoodlebug', 'name': '#VoteBlue Catmandu^..^,~', 'id': 1412039308731727873, 'id_str': '1412039308731727873', 'indices': [3, 19]}];#StaceyAbrams4Gov ... Having a Candidate like Stacey Abrams, someone who cares enough to ask what matters to us, ma‚Ä¶ https://t.co/rsXmSjHYIc
65;1517992142865670144;2022-04-23 22:21:44+00:00;SusanWDavis3;False;;4097;2126;88585;0;72;[{'text': 'StaceyAbrams4Gov', 'indices': [21, 38]}];[{'screen_name': 'Catmandoodlebug', 'name': '#VoteBlue Catmandu^..^,~', 'id': 1412039308731727873, 'id_str': '1412039308731727873', 'indices': [3, 19]}];#StaceyAbrams4Gov ... Having a Candidate like Stacey Abrams, someone who cares enough to ask what matters to us, ma‚Ä¶ https://t.co/rsXmSjHYIc
66;1517991573165948928;2022-04-23 22:19:28+00:00;yetinvestment;False;;256;199;644;0;8;[];[{'screen_name': 'rabbithole_gg', 'name': 'RabbitHole', 'id': 1254192452522696705, 'id_str': '1254192452522696705', 'indices': [3, 17]}];"What did you learn this week and how would you explain it in one tweet?

‚ú®Best responses get RabbitHole gear.‚ú® https://t.co/ltoqvhAQMD"
67;1517991482321420291;2022-04-23 22:19:06+00:00;yetinvestment;False;;256;199;644;1;0;[];[{'screen_name': 'rabbithole_gg', 'name': 'RabbitHole', 'id': 1254192452522696705, 'id_str': '1254192452522696705', 'indices': [0, 14]}];"@rabbithole_gg War showed us nothing is decentralised in crypto.

For this, I realized that the defi platform made‚Ä¶ https://t.co/Rt6JPrsF8q"
68;1517990055482208263;2022-04-23 22:13:26+00:00;CharIowa1;False;;17711;18624;123755;0;72;[{'text': 'StaceyAbrams4Gov', 'indices': [21, 38]}];[{'screen_name': 'Catmandoodlebug', 'name': '#VoteBlue Catmandu^..^,~', 'id': 1412039308731727873, 'id_str': '1412039308731727873', 'indices': [3, 19]}];#StaceyAbrams4Gov ... Having a Candidate like Stacey Abrams, someone who cares enough to ask what matters to us, ma‚Ä¶ https://t.co/rsXmSjHYIc
69;1517989569697918976;2022-04-23 22:11:30+00:00;Alexius3_0;False;Metaverse;758;89;1579;6;2;[];[{'screen_name': 'rabbithole_gg', 'name': 'RabbitHole', 'id': 1254192452522696705, 'id_str': '1254192452522696705', 'indices': [0, 14]}];"@rabbithole_gg Move to Earn is another use case of nfts, crypto &amp; blockchain tech which will change people's attitu‚Ä¶ https://t.co/2bPElOU8a7"
70;1517988268809195522;2022-04-23 22:06:20+00:00;DrillSargentLou;False;;302;439;55534;0;18;[];[{'screen_name': 'AmericaFightHim', 'name': 'Peace and love', 'id': 351346086, 'id_str': '351346086', 'indices': [3, 19]}, {'screen_name': 'January6thCmte', 'name': 'January 6th Committee', 'id': 1415384176593883137, 'id_str': '1415384176593883137', 'indices': [65, 80]}];Rep Elaine Luria, one of the members of the @January6thCmte has said that crimes found by the committee SHOULD be r‚Ä¶ https://t.co/hOUlcK2fe1
71;1517987681459916804;2022-04-23 22:04:00+00:00;erosen1;False;Philly from MoCo MD;5744;6791;37294;0;72;[{'text': 'StaceyAbrams4Gov', 'indices': [21, 38]}];[{'screen_name': 'Catmandoodlebug', 'name': '#VoteBlue Catmandu^..^,~', 'id': 1412039308731727873, 'id_str': '1412039308731727873', 'indices': [3, 19]}];#StaceyAbrams4Gov ... Having a Candidate like Stacey Abrams, someone who cares enough to ask what matters to us, ma‚Ä¶ https://t.co/rsXmSjHYIc
72;1517987407773061120;2022-04-23 22:02:55+00:00;AMiceMarina;False;California;4674;2484;169757;0;50;[{'text': 'BLM', 'indices': [13, 17]}];[{'screen_name': 'erosen1', 'name': 'Eric Rosen', 'id': 282617380, 'id_str': '282617380', 'indices': [3, 11]}];#BLM OTD 1872 Charlotte E. Ray became the 1st Black woman admitted to practice law in Washington, D.C. She was also‚Ä¶ https://t.co/iHOkxDRtWw
73;1517987204164952065;2022-04-23 22:02:06+00:00;bkaydw;False; ID, UT, CA, KS, CT ‚Ä¶my homes;15691;21195;120822;0;50;[{'text': 'BLM', 'indices': [13, 17]}];[{'screen_name': 'erosen1', 'name': 'Eric Rosen', 'id': 282617380, 'id_str': '282617380', 'indices': [3, 11]}];#BLM OTD 1872 Charlotte E. Ray became the 1st Black woman admitted to practice law in Washington, D.C. She was also‚Ä¶ https://t.co/iHOkxDRtWw
74;1517986556702724096;2022-04-23 21:59:32+00:00;injusti78405202;False;;350;84;434;0;0;[];[{'screen_name': 'rabbithole_gg', 'name': 'RabbitHole', 'id': 1254192452522696705, 'id_str': '1254192452522696705', 'indices': [0, 14]}];@rabbithole_gg Web3 is the FUTURE!
75;1517986421167992832;2022-04-23 21:59:00+00:00;__headspaceAI;False;In your head.;29;87;23576;0;0;[{'text': 'Propaganda', 'indices': [78, 89]}];[];"Hi! Thanks for reading, carry on, just think about it, OK? Beware the Russian #Propaganda 

https://t.co/5UobXPBhuj‚Ä¶ https://t.co/IztBvCdVSn"
76;1517986167483817984;2022-04-23 21:57:59+00:00;RabbitHole_BB;False;#thelittlethings;362;2157;246363;0;20;[];[{'screen_name': 'JennisAyQua', 'name': 'Jenni Sarikas', 'id': 71426670, 'id_str': '71426670', 'indices': [3, 15]}];I had no idea what he did in the moment so the fact that we‚Äôre standing the same and making the same face is KILLIN‚Ä¶ https://t.co/I8zQobjPlr
77;1517985930489049088;2022-04-23 21:57:03+00:00;DenisRuOli;False;;306;208;126;2;0;[];[{'screen_name': 'rabbithole_gg', 'name': 'RabbitHole', 'id': 1254192452522696705, 'id_str': '1254192452522696705', 'indices': [0, 14]}];"@rabbithole_gg I realized the real scale of the DAO. It can change our world.

Thanks to RabbitHole, I voted for th‚Ä¶ https://t.co/hODx6zFjCY"
78;1517985665081921536;2022-04-23 21:56:00+00:00;ButFaline;False;about to drink bleach;481;216;2866;0;0;[];[];7+ shows are so cute yar what rabbithole have i fallen into
79;1517985559091810304;2022-04-23 21:55:34+00:00;BTC_Rabbithole;False;Utopian world;170;53;661;4;0;[{'text': 'bitcoin', 'indices': [0, 8]}];[];#bitcoin is the ultimate store of value for us. For the first time ever we can store time 1 on 1. https://t.co/cqgXg1Mlp5
80;1517985521158529024;2022-04-23 21:55:25+00:00;TinaBerube55;False;Minier, IL;2648;1821;12138;0;50;[{'text': 'BLM', 'indices': [13, 17]}];[{'screen_name': 'erosen1', 'name': 'Eric Rosen', 'id': 282617380, 'id_str': '282617380', 'indices': [3, 11]}];#BLM OTD 1872 Charlotte E. Ray became the 1st Black woman admitted to practice law in Washington, D.C. She was also‚Ä¶ https://t.co/iHOkxDRtWw
81;1517985144694521857;2022-04-23 21:53:55+00:00;BTC_Rabbithole;False;Utopian world;170;53;661;1;0;[];[];Bitcoin will fail if there is no consistent participation in it. As long as it is of value to humans it will keep o‚Ä¶ https://t.co/kCHtMQOl7m
82;1517984868315144196;2022-04-23 21:52:50+00:00;Catmandoodlebug;False;Athens, GA;6649;6146;15288;107;72;[{'text': 'StaceyAbrams4Gov', 'indices': [0, 17]}];[];#StaceyAbrams4Gov ... Having a Candidate like Stacey Abrams, someone who cares enough to ask what matters to us, ma‚Ä¶ https://t.co/rsXmSjHYIc
83;1517983886105583616;2022-04-23 21:48:55+00:00;DevAfri;False;Metaverse;4372;783;32653;0;34;[];[{'screen_name': 'tanthaip', 'name': 'tanthai.eth', 'id': 805861741926092801, 'id_str': '805861741926092801', 'indices': [3, 12]}];"Excited to announce that I've quit my job in web3 to go back to FAANG because apparently ""12 MAUs is not enough to‚Ä¶ https://t.co/IHvpY3O6pK"
84;1517983759316000769;2022-04-23 21:48:25+00:00;blewis823;False;United States;3713;7021;107297;4;1;[{'text': 'SimsFinds', 'indices': [8, 18]}];[];Went on #SimsFinds to download one piece of CC clothing and now I'm down the rabbithole of downloading some of ever‚Ä¶ https://t.co/wDXUJgCwRC
85;1517983376824700928;2022-04-23 21:46:54+00:00;brennenschlu;False;Los Angeles, CA;1695;2688;9954;0;8;[];[{'screen_name': 'rabbithole_gg', 'name': 'RabbitHole', 'id': 1254192452522696705, 'id_str': '1254192452522696705', 'indices': [3, 17]}];"What did you learn this week and how would you explain it in one tweet?

‚ú®Best responses get RabbitHole gear.‚ú® https://t.co/ltoqvhAQMD"
86;1517982664661381123;2022-04-23 21:44:04+00:00;shousostripper;False;Leazas Castle, Leazas;1295;566;368442;0;0;[];[];seeing another person fall into the PM rabbithole is amusing honestly
87;1517981553250357248;2022-04-23 21:39:39+00:00;rabbithole_gg;False;;32;65059;1105;38;8;[];[];"What did you learn this week and how would you explain it in one tweet?

‚ú®Best responses get RabbitHole gear.‚ú® https://t.co/ltoqvhAQMD"
88;1517980480372678656;2022-04-23 21:35:23+00:00;BobDoss176;False;;345;138;557;0;0;[{'text': 'stream', 'indices': [84, 91]}, {'text': 'smallstream', 'indices': [92, 104]}];[];"Jean-Luc Picard, James T Kirk and new Guest Kathryn Janeway https://t.co/AVaYp5W9kC
#stream #smallstream‚Ä¶ https://t.co/kTcdp2ACRY"
89;1517980330426257408;2022-04-23 21:34:48+00:00;BostonBubbalooo;False;Boston  ;14542;13824;39681;0;49;[];[{'screen_name': 'SurfsUpBodhi', 'name': 'Bodhi Sattva - üá∫üá¶ #IStandWithUkraine üá∫üá∏', 'id': 1119014143590305797, 'id_str': '1119014143590305797', 'indices': [3, 16]}];"‚ö°Ô∏è ‚ÄúShould you still wear a mask on planes, trains, and buses? ‚Äù

YES. 

Don't be a redshirt. COVID wasn't a thing‚Ä¶ https://t.co/KIFlTVmnHy"
90;1517979961566584835;2022-04-23 21:33:20+00:00;DavidEzennia;False;;2057;687;18253;0;34;[];[{'screen_name': 'tanthaip', 'name': 'tanthai.eth', 'id': 805861741926092801, 'id_str': '805861741926092801', 'indices': [3, 12]}];"Excited to announce that I've quit my job in web3 to go back to FAANG because apparently ""12 MAUs is not enough to‚Ä¶ https://t.co/IHvpY3O6pK"
91;1517978086876327941;2022-04-23 21:25:53+00:00;NancyOsborne180;False;Michigan;1267;2966;238472;0;83;[{'text': 'DemocracyNotAutocracy', 'indices': [81, 103]}, {'text': 'BlueVoices', 'indices': [104, 115]}, {'text': 'wtpBLUE', 'indices': [116, 124]}, {'text': 'Rabbithole', 'indices': [125, 136]}];[{'screen_name': 'RuthownedbyGray', 'name': 'Ruth', 'id': 1258209108651581441, 'id_str': '1258209108651581441', 'indices': [3, 19]}];And a team effort on our part will vote them out of office! #DemocracyNotAutocracy #BlueVoices #wtpBLUE #Rabbithole‚Ä¶ https://t.co/O0F8CLfxz6
92;1517977702162173953;2022-04-23 21:24:21+00:00;1bjk_jack_black;False;;1328;115;80389;0;49;[];[{'screen_name': 'SurfsUpBodhi', 'name': 'Bodhi Sattva - üá∫üá¶ #IStandWithUkraine üá∫üá∏', 'id': 1119014143590305797, 'id_str': '1119014143590305797', 'indices': [3, 16]}];"‚ö°Ô∏è ‚ÄúShould you still wear a mask on planes, trains, and buses? ‚Äù

YES. 

Don't be a redshirt. COVID wasn't a thing‚Ä¶ https://t.co/KIFlTVmnHy"
93;1517977654913343488;2022-04-23 21:24:10+00:00;MelindaAGorman;False;USA;3307;3062;9292;0;83;[{'text': 'DemocracyNotAutocracy', 'indices': [81, 103]}, {'text': 'BlueVoices', 'indices': [104, 115]}, {'text': 'wtpBLUE', 'indices': [116, 124]}, {'text': 'Rabbithole', 'indices': [125, 136]}];[{'screen_name': 'RuthownedbyGray', 'name': 'Ruth', 'id': 1258209108651581441, 'id_str': '1258209108651581441', 'indices': [3, 19]}];And a team effort on our part will vote them out of office! #DemocracyNotAutocracy #BlueVoices #wtpBLUE #Rabbithole‚Ä¶ https://t.co/O0F8CLfxz6
94;1517977441720954880;2022-04-23 21:23:19+00:00;hollymort8;False;;152;23;995;0;64;[];[{'screen_name': 'erosen1', 'name': 'Eric Rosen', 'id': 282617380, 'id_str': '282617380', 'indices': [3, 11]}];I'm sure it warms the hearts of the evangelical family values crowd to see all the photos of Trump, without the str‚Ä¶ https://t.co/BMwLh3SFN7
95;1517977168248246273;2022-04-23 21:22:14+00:00;MelindaAGorman;False;USA;3307;3062;9292;0;25;[{'text': 'DemocracyNotAutocracy', 'indices': [106, 128]}, {'text': 'wtpBLUE', 'indices': [129, 137]}];[{'screen_name': 'RuthownedbyGray', 'name': 'Ruth', 'id': 1258209108651581441, 'id_str': '1258209108651581441', 'indices': [3, 19]}];Pathetic. What a waste of money. What scares me are those trumpets standing in line. #DemocracyNotAutocracy‚Ä¶ https://t.co/Kr3bBTiDj4
96;1517976742824226816;2022-04-23 21:20:32+00:00;StDruther;False;;15636;15621;93959;0;50;[{'text': 'BLM', 'indices': [13, 17]}];[{'screen_name': 'erosen1', 'name': 'Eric Rosen', 'id': 282617380, 'id_str': '282617380', 'indices': [3, 11]}];#BLM OTD 1872 Charlotte E. Ray became the 1st Black woman admitted to practice law in Washington, D.C. She was also‚Ä¶ https://t.co/iHOkxDRtWw
97;1517976656132124673;2022-04-23 21:20:12+00:00;4glendaadcock;False;;187;42;6313;0;64;[];[{'screen_name': 'erosen1', 'name': 'Eric Rosen', 'id': 282617380, 'id_str': '282617380', 'indices': [3, 11]}];I'm sure it warms the hearts of the evangelical family values crowd to see all the photos of Trump, without the str‚Ä¶ https://t.co/BMwLh3SFN7
98;1517976532454629377;2022-04-23 21:19:42+00:00;grimdark_gamer;False;Raccoon City, USA;149;41;1061;1;0;[];[{'screen_name': 'ArklayEmbers', 'name': 'Arklay Embers', 'id': 1448434491152814082, 'id_str': '1448434491152814082', 'indices': [0, 13]}];@ArklayEmbers Fell into the Sims 3 rabbithole again so I've been doing that for about a week now lmao
99;1517976429178363906;2022-04-23 21:19:18+00:00;e9946b29501f449;False;Delray Beach, FL;1403;850;15287;0;49;[];[{'screen_name': 'SurfsUpBodhi', 'name': 'Bodhi Sattva - üá∫üá¶ #IStandWithUkraine üá∫üá∏', 'id': 1119014143590305797, 'id_str': '1119014143590305797', 'indices': [3, 16]}];"‚ö°Ô∏è ‚ÄúShould you still wear a mask on planes, trains, and buses? ‚Äù

YES. 

Don't be a redshirt. COVID wasn't a thing‚Ä¶ https://t.co/KIFlTVmnHy"
