;id;url;created_at;username;verified;location;following;followers;total_tweets;favorite_count;retweet_count;hashtags;tweet_type;mentions;raw_text;text;sentiment_dict;sentiment_roberta;score_roberta
0;1523975435553435651;https://twitter.com/twitter/statuses/1523975435553435651;2022-05-10 10:37:12+00:00;IOHK_Charles;True;Boulder, Colorado;1043;907432;18072;12500;1357;[];popular;[];Should I buy some Luna for negative correlation? https://t.co/iFeHJTSudM;Should I buy some Luna for negative correlation https://t.co/iFeHJTSudM;[{'label': 'Neutral', 'score': 0.7383639812469482}];Neutral;0.7383639812469482
1;1523869665180590082;https://twitter.com/twitter/statuses/1523869665180590082;2022-05-10 03:36:54+00:00;binance;True;;476;8692634;20607;4462;1030;[];popular;[];"Withdrawals on Terra Network $LUNA temporarily suspended.

https://t.co/hIGrAEzOwD";Withdrawals on Terra Network $LUNA temporarily suspended. https://t.co/hIGrAEzOwD;[{'label': 'Negative', 'score': 0.5634055137634277}];Negative;0.5634055137634277
2;1523872011159752704;https://twitter.com/twitter/statuses/1523872011159752704;2022-05-10 03:46:14+00:00;WatcherGuru;True;Texas, USA;20;870071;6848;5275;839;[{'text': 'Binance', 'indices': [10, 18]}];popular;[];BREAKING: #Binance¬†has temporarily suspended withdrawals for $LUNA and $UST on the Terra Network.;BREAKING #Binance has temporarily suspended withdrawals for $LUNA and $UST on the Terra Network.;[{'label': 'Neutral', 'score': 0.6879762411117554}];Neutral;0.6879762411117554
3;1524149087188267010;https://twitter.com/twitter/statuses/1524149087188267010;2022-05-10 22:07:14+00:00;ksicrypto;True;;200;374822;1982;9143;468;[];popular;[];In total I have bought about 100,000 Luna. Sticking it in a wallet and gonna see what happens in a few years. Could‚Ä¶ https://t.co/yW66EEXHlE;In total I have bought about 100,000 Luna Sticking it in a wallet and gonna see what happens in a few years Could https://t.co/yW66EEXHlE;[{'label': 'Neutral', 'score': 0.7626035809516907}];Neutral;0.7626035809516907
4;1524026764590202886;https://twitter.com/twitter/statuses/1524026764590202886;2022-05-10 14:01:10+00:00;coinexcom;True;;565;189230;4193;2406;932;[{'text': 'BABYDOGE', 'indices': [67, 76]}];popular;[{'screen_name': 'BabyDogeCoin', 'name': 'Baby Doge', 'id': 1354781680943431681, 'id_str': '1354781680943431681', 'indices': [77, 90]}, {'screen_name': 'apecoin', 'name': 'ApeCoin', 'id': 1489018530511175681, 'id_str': '1489018530511175681', 'indices': [101, 109]}];"Check out today's Top 5 Searches on https://t.co/hF0cdLm8LF üîç

1Ô∏è‚É£ #BABYDOGE @BabyDogeCoin 
2Ô∏è‚É£ $APE @apecoin 
3Ô∏è‚É£‚Ä¶ https://t.co/S4pm8h1Ve3";Check out today's Top 5 Searches on https://t.co/hF0cdLm8LF üîç 1Ô∏è #BABYDOGE 2Ô∏è $APE 3Ô∏è‚É£ https://t.co/S4pm8h1Ve3;[{'label': 'Neutral', 'score': 0.807306706905365}];Neutral;0.807306706905365
5;1524156611132112896;https://twitter.com/twitter/statuses/1524156611132112896;2022-05-10 22:37:08+00:00;CryptoMichNL;True;Amsterdam, The Netherlands;792;596844;67417;9043;805;[];popular;[];There might be a chance that $LUNA hits $1 before $UST does.;There might be a chance that $LUNA hits $1 before $UST does.;[{'label': 'Neutral', 'score': 0.7967618107795715}];Neutral;0.7967618107795715
6;1523830163737354243;https://twitter.com/twitter/statuses/1523830163737354243;2022-05-10 00:59:57+00:00;LynAldenContact;True;;343;420922;11558;5317;994;[];popular;[];"Terra's multi-billion dollar algorithmic stablecoin UST blew up today.

Aside from destroying the value of $LUNA, t‚Ä¶ https://t.co/s995RASvm9";Terra's multi-billion dollar algorithmic stablecoin UST blew up today. Aside from destroying the value of $LUNA t https://t.co/s995RASvm9;[{'label': 'Negative', 'score': 0.6502118706703186}];Negative;0.6502118706703186
7;1523842618169479170;https://twitter.com/twitter/statuses/1523842618169479170;2022-05-10 01:49:26+00:00;WatcherGuru;True;Texas, USA;20;870071;6848;3276;432;[{'text': 'UST', 'indices': [84, 88]}];popular;[];JUST IN: Luna Foundation Guard to issue $1.5 billion in loans to help stabilize its #UST stablecoin.;JUST IN Luna Foundation Guard to issue $1.5 billion in loans to help stabilize its #UST stablecoin.;[{'label': 'Neutral', 'score': 0.8375718593597412}];Neutral;0.8375718593597412
8;1523766041251581953;https://twitter.com/twitter/statuses/1523766041251581953;2022-05-09 20:45:09+00:00;BitcoinMagazine;True;Nashville, TN;746;2410782;22680;5319;829;[{'text': 'bitcoin', 'indices': [63, 71]}];popular;[];BREAKING: Luna Foundation replenishes UST reserves with 28,205 #bitcoin;BREAKING Luna Foundation replenishes UST reserves with 28,205 #bitcoin;[{'label': 'Neutral', 'score': 0.7938445210456848}];Neutral;0.7938445210456848
9;1524098409594077185;https://twitter.com/twitter/statuses/1524098409594077185;2022-05-10 18:45:51+00:00;lawmaster;True;;2225;167899;23889;2744;497;[];popular;[];"The details I have heard but might not be final:

- Jump, Celsius and Jane St. committed already, Alameda not yet
-‚Ä¶ https://t.co/QqkyLaY6fT";The details I have heard but might not be final: Jump Celsius and Jane St committed already Alameda not yet - https://t.co/QqkyLaY6fT;[{'label': 'Neutral', 'score': 0.8041468858718872}];Neutral;0.8041468858718872
10;1523949623156559872;https://twitter.com/twitter/statuses/1523949623156559872;2022-05-10 08:54:38+00:00;Blockworks_;True;New York, NY;5058;315821;15686;1471;378;[];popular;[];"Last 24h liquidations breakdown:

Bitcoin - $355M
Ethereum- $326M
Luna - $100M
Solana - $24M
ApeCoin - $16M
GMT - $‚Ä¶ https://t.co/HIHSCOBLHa";Last 24h liquidations breakdown: Bitcoin $355M Ethereum $326M Luna $100M Solana $24M ApeCoin $16M GMT $ https://t.co/HIHSCOBLHa;[{'label': 'Neutral', 'score': 0.8777263760566711}];Neutral;0.8777263760566711
11;1523940236446908416;https://twitter.com/twitter/statuses/1523940236446908416;2022-05-10 08:17:20+00:00;sandeepnailwal;True;Metaverse;2939;165428;9341;2296;200;[];popular;[];I have not followed LUNA/UST ecosystem or community discourse much BUT at a founder to founder level, I can feel fo‚Ä¶ https://t.co/RMJZDc9xmt;I have not followed LUNA/UST ecosystem or community discourse much BUT at a founder to founder level I can feel fo https://t.co/RMJZDc9xmt;[{'label': 'Neutral', 'score': 0.7449014782905579}];Neutral;0.7449014782905579
12;1523983009405444096;https://twitter.com/twitter/statuses/1523983009405444096;2022-05-10 11:07:18+00:00;WatcherGuru;True;Texas, USA;20;870071;6848;2365;277;[{'text': 'Binance', 'indices': [9, 17]}];popular;[];JUST IN: #Binance has resumed $LUNA and $UST withdrawals on the Terra network.;JUST IN #Binance has resumed $LUNA and $UST withdrawals on the Terra network.;[{'label': 'Neutral', 'score': 0.8069463968276978}];Neutral;0.8069463968276978
13;1524149726928678916;https://twitter.com/twitter/statuses/1524149726928678916;2022-05-10 22:09:46+00:00;askthedr;True;;0;48563;1533;2953;303;[];popular;[{'screen_name': 'stablekwon', 'name': 'Do Kwon üåï', 'id': 357317524, 'id_str': '357317524', 'indices': [46, 57]}, {'screen_name': 'terra_money', 'name': 'Terra (UST) üåç Powered by LUNA üåï', 'id': 1022028994772910086, 'id_str': '1022028994772910086', 'indices': [62, 74]}];"It‚Äôs time crypto community for us to help out @stablekwon and @terra_money 

I‚Äôll be deploying a significant amount‚Ä¶ https://t.co/vuXbw8phIO";It‚Äôs time crypto community for us to help out and _money I‚Äôll be deploying a significant amount https://t.co/vuXbw8phIO;[{'label': 'Positive', 'score': 0.8684271574020386}];Positive;0.8684271574020386
14;1524161430626476034;https://twitter.com/twitter/statuses/1524161430626476034;2022-05-10 22:56:17+00:00;RichardHeartWin;True;PulseChain.com;1315;212328;47822;1448;199;[{'text': 'Luna', 'indices': [0, 5]}];popular;[];#Luna is down 83% in 4 days. https://t.co/GXIWTNLCum;#Luna is down 83 in 4 days https://t.co/GXIWTNLCum;[{'label': 'Negative', 'score': 0.6620298027992249}];Negative;0.6620298027992249
15;1523734395508883457;https://twitter.com/twitter/statuses/1523734395508883457;2022-05-09 18:39:24+00:00;unusual_whales;True;;2427;593780;73850;2263;373;[{'text': 'bitcoin', 'indices': [78, 86]}];popular;[];"üö®BREAKING NEWSüö®

Luna just emptied their BTC reserve wallet at $1.4 billion.

#bitcoin down at $31,000.

Terra down‚Ä¶ https://t.co/3JbWIOwr6G";üö®BREAKING NEWSüö® Luna just emptied their BTC reserve wallet at $1.4 billion. #bitcoin down at $31,000. Terra down https://t.co/3JbWIOwr6G;[{'label': 'Neutral', 'score': 0.545238733291626}];Neutral;0.545238733291626
16;1523761789347196928;https://twitter.com/twitter/statuses/1523761789347196928;2022-05-09 20:28:15+00:00;Blockworks_;True;New York, NY;5058;315821;15686;851;236;[];popular;[{'screen_name': 'WestieCapital', 'name': 'Westie üåñ üü™', 'id': 1358927095255232515, 'id_str': '1358927095255232515', 'indices': [124, 138]}];"UST's peg has broken.

Below we take look at the impact on Terra and LUNA so far, and LFG's plans to restore the peg.

üßµ by @WestieCapital";UST's peg has broken. Below we take look at the impact on Terra and LUNA so far and LFG's plans to restore the peg. by;[{'label': 'Neutral', 'score': 0.7092412710189819}];Neutral;0.7092412710189819
17;1523744515303124992;https://twitter.com/twitter/statuses/1523744515303124992;2022-05-09 19:19:36+00:00;crypto;True;;109;894207;11501;154;49;[];popular;[];After stablecoin UST lost its dollar peg, Do Kwon and the Luna Foundation Guard are issuing $1.5 billion worth of l‚Ä¶ https://t.co/3pYeVG3dLs;After stablecoin UST lost its dollar peg Do Kwon and the Luna Foundation Guard are issuing $1.5 billion worth of l https://t.co/3pYeVG3dLs;[{'label': 'Neutral', 'score': 0.7773995995521545}];Neutral;0.7773995995521545
18;1523737127824945152;https://twitter.com/twitter/statuses/1523737127824945152;2022-05-09 18:50:15+00:00;MasonVersluis;True;;1868;106166;5832;1750;146;[];popular;[];"I will not be buying the $LUNA ""dip""

My moneys going into $ALGO &amp; $HBAR üîÆ";"I will not be buying the $LUNA ""dip"" My moneys going into $ALGO &amp $HBAR üîÆ";[{'label': 'Negative', 'score': 0.5362220406532288}];Negative;0.5362220406532288
19;1523733270982447104;https://twitter.com/twitter/statuses/1523733270982447104;2022-05-09 18:34:56+00:00;ksicrypto;True;;200;374822;1982;2118;80;[];popular;[];Wtf happened to $luna;Wtf happened to $luna;[{'label': 'Negative', 'score': 0.6405313611030579}];Negative;0.6405313611030579
20;1523763096988393472;https://twitter.com/twitter/statuses/1523763096988393472;2022-05-09 20:33:27+00:00;BTCTN;True;World Wide;918;2548207;27310;125;49;[{'text': 'stablecoin', 'indices': [7, 18]}, {'text': 'bitcoin', 'indices': [61, 69]}, {'text': 'ethereum', 'indices': [81, 90]}];popular;[];As the #stablecoin $UST slipped, the Luna Foundation Guard‚Äôs #bitcoin wallet and #ethereum Gnosis safe address has‚Ä¶ https://t.co/MeX0ikE9Zp;As the #stablecoin $UST slipped the Luna Foundation Guard‚Äôs #bitcoin wallet and #ethereum Gnosis safe address has https://t.co/MeX0ikE9Zp;[{'label': 'Neutral', 'score': 0.8990141749382019}];Neutral;0.8990141749382019
21;1523749541844971520;https://twitter.com/twitter/statuses/1523749541844971520;2022-05-09 19:39:35+00:00;terra_money;True;;410;500384;6043;436;43;[];popular;[];"2/ UST MCAP &gt; LUNA -- No death spiral happens.
 
https://t.co/ZjaaESPytt";2 UST MCAP &gt LUNA - No death spiral happens. https://t.co/ZjaaESPytt;[{'label': 'Neutral', 'score': 0.7310003638267517}];Neutral;0.7310003638267517
22;1523736818088177664;https://twitter.com/twitter/statuses/1523736818088177664;2022-05-09 18:49:01+00:00;CryptoMichNL;True;Amsterdam, The Netherlands;792;596844;67417;518;31;[{'text': 'Bitcoin', 'indices': [112, 120]}];popular;[];"PEG is getting back towards the good way on $UST against $USDT from $LUNA.

Means that we'll probably bounce on #Bitcoin too.";PEG is getting back towards the good way on $UST against $USDT from $LUNA. Means that we'll probably bounce on #Bitcoin too.;[{'label': 'Positive', 'score': 0.8418700695037842}];Positive;0.8418700695037842
23;1523726620665602048;https://twitter.com/twitter/statuses/1523726620665602048;2022-05-09 18:08:30+00:00;ashwsbreal;True;Dubai ;172;450168;5763;330;63;[];popular;[];$LUNA just broke $51;$LUNA just broke $51;[{'label': 'Neutral', 'score': 0.6737115979194641}];Neutral;0.6737115979194641
24;1523687564334583809;https://twitter.com/twitter/statuses/1523687564334583809;2022-05-09 15:33:18+00:00;BTCTN;True;World Wide;918;2548207;27310;188;73;[{'text': 'Luna', 'indices': [4, 9]}, {'text': 'bitcoin', 'indices': [78, 86]}];popular;[];The #Luna Foundation revealed it was lending out millions of dollars worth of #bitcoin and $UST in order to protect‚Ä¶ https://t.co/22i8gqPMqL;The #Luna Foundation revealed it was lending out millions of dollars worth of #bitcoin and $UST in order to protect https://t.co/22i8gqPMqL;[{'label': 'Neutral', 'score': 0.8648781776428223}];Neutral;0.8648781776428223
25;1523727247751802881;https://twitter.com/twitter/statuses/1523727247751802881;2022-05-09 18:11:00+00:00;Techmeme;True;United States;951;433294;161178;59;16;[];popular;[];"UST loses its dollar peg twice in &lt;48 hours, going as low as $0.98, after the Luna Foundation Guard said it would d‚Ä¶ https://t.co/DuhteEKOCZ";"UST loses its dollar peg twice in &lt;48 hours going as low as $0.98 after the Luna Foundation Guard said it would d https://t.co/DuhteEKOCZ";[{'label': 'Negative', 'score': 0.6506442427635193}];Negative;0.6506442427635193
26;1523677747884982272;https://twitter.com/twitter/statuses/1523677747884982272;2022-05-09 14:54:18+00:00;JayJaboneta;True;Terra $LUNA;11559;13442;23307;131;123;[];popular;[{'screen_name': 'terranautsnft', 'name': 'Terranauts üë©üèº\u200düöÄ', 'id': 1447979229602213893, 'id_str': '1447979229602213893', 'indices': [49, 63]}];"üö® GIVE-AWAY ALERT üö®

To prepare for the upcoming @terranautsnft 3D mint, our frens have given us a x1 Terranaut to‚Ä¶ https://t.co/2pyxJ2gVBn";GIVE-AWAY ALERT üö® To prepare for the upcoming 3D mint our frens have given us a x1 Terranaut to https://t.co/2pyxJ2gVBn;[{'label': 'Positive', 'score': 0.6097403764724731}];Positive;0.6097403764724731
27;1523758540602867712;https://twitter.com/twitter/statuses/1523758540602867712;2022-05-09 20:15:20+00:00;SimonYuSEA;True;Miami, FL;2017;37593;8491;147;29;[];popular;[];"For anyone now familiar with why crypto is taking a beating today. 

https://t.co/QbzzjqXAwB

UST peg broke -&gt; sell‚Ä¶ https://t.co/6EJbBvv8W1";For anyone now familiar with why crypto is taking a beating today https://t.co/QbzzjqXAwB UST peg broke -&gt sell https://t.co/6EJbBvv8W1;[{'label': 'Negative', 'score': 0.7650687098503113}];Negative;0.7650687098503113
28;1523756087039602691;https://twitter.com/twitter/statuses/1523756087039602691;2022-05-09 20:05:35+00:00;BTC_NFT;True;England üá¶üá∫;955;129164;643;59;40;[];popular;[];"Very important to be watching the $LUNA and $UST story unfold.

This is catastrophic and borderline black swan terr‚Ä¶ https://t.co/DNOCpwE1uI";Very important to be watching the $LUNA and $UST story unfold. This is catastrophic and borderline black swan terr https://t.co/DNOCpwE1uI;[{'label': 'Negative', 'score': 0.549098789691925}];Negative;0.549098789691925
29;1522254810556387328;https://twitter.com/twitter/statuses/1522254810556387328;2022-05-05 16:40:03+00:00;WatcherGuru;True;Texas, USA;20;870072;6848;4381;669;[{'text': 'LUNA', 'indices': [15, 20]}, {'text': 'Bitcoin', 'indices': [56, 64]}];popular;[];JUST IN: Terra #LUNA has purchased an additional 37,863 #Bitcoin ($1.5 billion) for its reserve.;JUST IN Terra #LUNA has purchased an additional 37,863 #Bitcoin ($1.5 billion for its reserve.;[{'label': 'Neutral', 'score': 0.917302131652832}];Neutral;0.917302131652832
30;1522280583841431553;https://twitter.com/twitter/statuses/1522280583841431553;2022-05-05 18:22:28+00:00;BitcoinMagazine;True;Nashville, TN;746;2410782;22680;5987;727;[{'text': 'BITCOIN', 'indices': [31, 39]}];popular;[];LUNA FOUNDATION NOW HOLDS MORE #BITCOIN THAN TESLA;LUNA FOUNDATION NOW HOLDS MORE #BITCOIN THAN TESLA;[{'label': 'Neutral', 'score': 0.7002902030944824}];Neutral;0.7002902030944824
31;1522261969063002113;https://twitter.com/twitter/statuses/1522261969063002113;2022-05-05 17:08:30+00:00;BitcoinMagazine;True;Nashville, TN;746;2410782;22680;5222;820;[{'text': 'bitcoin', 'indices': [47, 55]}];popular;[];BREAKING: Luna Foundation acquired 37,863 more #bitcoin worth $1.5 billion for UST stablecoin reserves;BREAKING Luna Foundation acquired 37,863 more #bitcoin worth $1.5 billion for UST stablecoin reserves;[{'label': 'Neutral', 'score': 0.7480195164680481}];Neutral;0.7480195164680481
32;1522939866480324611;https://twitter.com/twitter/statuses/1522939866480324611;2022-05-07 14:02:13+00:00;WatcherGuru;True;Texas, USA;20;870072;6848;2901;415;[{'text': 'Bitcoin', 'indices': [50, 58]}];popular;[];FUN FACT: Luna Foundation is now the 10th biggest #Bitcoin holder¬†in the world with over 80,000 $BTC worth $2.87 billion;FUN FACT Luna Foundation is now the 10th biggest #Bitcoin holder in the world with over 80,000 $BTC worth $2.87 billion;[{'label': 'Positive', 'score': 0.85010826587677}];Positive;0.85010826587677
33;1522363428840607746;https://twitter.com/twitter/statuses/1522363428840607746;2022-05-05 23:51:40+00:00;WatcherGuru;True;Texas, USA;20;870072;6848;2701;370;[{'text': 'Luna', 'indices': [9, 14]}, {'text': 'Bitcoin', 'indices': [88, 96]}];popular;[];JUST IN: #Luna Foundation has surpassed Tesla as the second largest corporate holder of #Bitcoin.;JUST IN #Luna Foundation has surpassed Tesla as the second largest corporate holder of #Bitcoin.;[{'label': 'Positive', 'score': 0.6018628478050232}];Positive;0.6018628478050232
34;1523669584557006850;https://twitter.com/twitter/statuses/1523669584557006850;2022-05-09 14:21:52+00:00;BoschGlobal;True;Stuttgart, Germany;316;252453;21722;997;59;[{'text': 'motorhome', 'indices': [108, 118]}];popular;[];"Laura, Andr√© &amp; Luna the dog explore parts of the world while living and working in their self-converted #motorhome.‚Ä¶ https://t.co/wJsNbCHnlm";Laura Andr &amp Luna the dog explore parts of the world while living and working in their self-converted #motorhome. https://t.co/wJsNbCHnlm;[{'label': 'Neutral', 'score': 0.7672173976898193}];Neutral;0.7672173976898193
35;1522232789449519104;https://twitter.com/twitter/statuses/1522232789449519104;2022-05-05 15:12:33+00:00;CNBC;True;Englewood Cliffs, NJ;853;4670818;496878;987;236;[];popular;[];Luna Foundation Guard bolsters stablecoin reserve by raising $1.5 billion in bitcoin https://t.co/zzZcH2Yok7;Luna Foundation Guard bolsters stablecoin reserve by raising $1.5 billion in bitcoin https://t.co/zzZcH2Yok7;[{'label': 'Positive', 'score': 0.5379115343093872}];Positive;0.5379115343093872
36;1523227731231707142;https://twitter.com/twitter/statuses/1523227731231707142;2022-05-08 09:06:05+00:00;Route2FI;True;My threads  ‚Üí;611;237896;9844;2405;433;[];popular;[];"Seems like this is what happened:

-Massive $UST sell-off on Curve
-Rumors spreading quickly on Twitter 
-Leads to‚Ä¶ https://t.co/tPyaj3CBkL";Seems like this is what happened: -Massive $UST sell-off on Curve -Rumors spreading quickly on Twitter -Leads to https://t.co/tPyaj3CBkL;[{'label': 'Neutral', 'score': 0.5052093267440796}];Neutral;0.5052093267440796
37;1521172035162054669;https://twitter.com/twitter/statuses/1521172035162054669;2022-05-02 16:57:29+00:00;RichardHeartWin;True;PulseChain.com;1315;212328;47822;1832;431;[{'text': 'bitcoin', 'indices': [9, 17]}, {'text': 'ethereum', 'indices': [18, 27]}, {'text': 'bnb', 'indices': [28, 32]}, {'text': 'sol', 'indices': [33, 37]}, {'text': 'xrp', 'indices': [38, 42]}, {'text': 'luna', 'indices': [43, 48]}, {'text': 'ada', 'indices': [49, 53]}, {'text': 'doge', 'indices': [54, 59]}, {'text': 'avax', 'indices': [60, 65]}, {'text': 'dot', 'indices': [66, 70]}, {'text': 'shib', 'indices': [71, 76]}, {'text': 'matic', 'indices': [77, 83]}, {'text': 'cro', 'indices': [84, 88]}, {'text': 'near', 'indices': [89, 94]}, {'text': 'ltc', 'indices': [95, 99]}, {'text': 'trx', 'indices': [100, 104]}, {'text': 'atom', 'indices': [105, 110]}];popular;[];Wat dis? #bitcoin #ethereum #bnb #sol #xrp #luna #ada #doge #avax #dot #shib #matic #cro #near #ltc #trx #atom‚Ä¶ https://t.co/Gb8TVsPpx8;Wat dis #bitcoin #ethereum #bnb #sol #xrp #luna #ada #doge #avax #dot #shib #matic #cro #near #ltc #trx #atom https://t.co/Gb8TVsPpx8;[{'label': 'Neutral', 'score': 0.9064307808876038}];Neutral;0.9064307808876038
38;1522356244844978176;https://twitter.com/twitter/statuses/1522356244844978176;2022-05-05 23:23:07+00:00;TheCryptoLark;True;New Zealand;460;977295;42428;2776;246;[{'text': 'bitcoin', 'indices': [56, 64]}];popular;[];Terra $luna bought another 1.5 billion dollars worth of #bitcoin!;Terra $luna bought another 1.5 billion dollars worth of #bitcoin!;[{'label': 'Positive', 'score': 0.4959825277328491}];Positive;0.4959825277328491
39;1522256602132369409;https://twitter.com/twitter/statuses/1522256602132369409;2022-05-05 16:47:10+00:00;rovercrc;True;Bitcoin ü§©üåô;285;204769;10369;1610;215;[{'text': 'Bitcoin', 'indices': [49, 57]}];popular;[];BREAKING: Terra $LUNA adds $1.5 billion worth of #Bitcoin¬†to its reserves.;BREAKING Terra $LUNA adds $1.5 billion worth of #Bitcoin to its reserves.;[{'label': 'Neutral', 'score': 0.7189469337463379}];Neutral;0.7189469337463379
40;1523671939130490883;https://twitter.com/twitter/statuses/1523671939130490883;2022-05-09 14:31:13+00:00;TheBlock__;True;New York, NY;123;256096;19415;377;36;[];popular;[{'screen_name': 'GiganticRebirth', 'name': 'GCR', 'id': 1289071298556170240, 'id_str': '1289071298556170240', 'indices': [14, 30]}];"Crypto trader @GiganticRebirth doubles down on $10 million bet with Do Kwon through LUNA short position

By‚Ä¶ https://t.co/58agYAjPMU";Crypto trader doubles down on $10 million bet with Do Kwon through LUNA short position By https://t.co/58agYAjPMU;[{'label': 'Neutral', 'score': 0.892929196357727}];Neutral;0.892929196357727
41;1523610256944754689;https://twitter.com/twitter/statuses/1523610256944754689;2022-05-09 10:26:07+00:00;Blockworks_;True;New York, NY;5058;315821;15686;606;69;[{'text': 'Bitcoin', 'indices': [48, 56]}];popular;[];Luna Foundation Guard will lend $1.5 billion in #Bitcoin  and UST to defend its stablecoin peg;Luna Foundation Guard will lend $1.5 billion in #Bitcoin and UST to defend its stablecoin peg;[{'label': 'Neutral', 'score': 0.8439165353775024}];Neutral;0.8439165353775024
42;1521615026024505345;https://twitter.com/twitter/statuses/1521615026024505345;2022-05-03 22:17:47+00:00;Erdayastronaut;True;Iowa, United States;575;1126817;18901;6197;193;[];popular;[];Exciting announcement!!! I bought‚Ä¶ a news van üò¨ May I introduce LUNA [Locational Uplinking / Networking Asset] 2022‚Ä¶ https://t.co/bZ2hnqGEJF;Exciting announcement!! I bought a news van May I introduce LUNA [Locational Uplinking Networking Asset 2022 https://t.co/bZ2hnqGEJF;[{'label': 'Positive', 'score': 0.9746434688568115}];Positive;0.9746434688568115
43;1520939020091633669;https://twitter.com/twitter/statuses/1520939020091633669;2022-05-02 01:31:34+00:00;WatcherGuru;True;Texas, USA;20;870072;6848;1972;329;[{'text': 'BTC', 'indices': [34, 38]}, {'text': 'ETH', 'indices': [48, 52]}, {'text': 'ADA', 'indices': [61, 65]}, {'text': 'BNB', 'indices': [73, 77]}, {'text': 'XRP', 'indices': [84, 88]}, {'text': 'VET', 'indices': [96, 100]}, {'text': 'SOL', 'indices': [108, 112]}];popular;[];"Crypto prices one year ago today

#BTC: $56,600
#ETH: $2,953
#ADA: $1.33
#BNB: $622
#XRP: $1.56
#VET: $0.21
#SOL: $‚Ä¶ https://t.co/H5Bx1DXTGN";Crypto prices one year ago today #BTC $56,600 #ETH $2,953 #ADA $1.33 #BNB $622 #XRP $1.56 #VET $0.21 #SOL $ https://t.co/H5Bx1DXTGN;[{'label': 'Neutral', 'score': 0.8806314468383789}];Neutral;0.8806314468383789
44;1520752169623998468;https://twitter.com/twitter/statuses/1520752169623998468;2022-05-01 13:09:06+00:00;LynAldenContact;True;;343;420922;11558;1376;191;[];popular;[{'screen_name': 'coryklippsten', 'name': 'Cory Swan.com üöÄüåñ', 'id': 3260096383, 'id_str': '3260096383', 'indices': [0, 14]}];@coryklippsten If Luna has a similar price decline to Fantom or some of these other hard-hit cryptos, the UST peg w‚Ä¶ https://t.co/XqJBSDv1zS;If Luna has a similar price decline to Fantom or some of these other hard-hit cryptos the UST peg w https://t.co/XqJBSDv1zS;[{'label': 'Neutral', 'score': 0.5513491630554199}];Neutral;0.5513491630554199
45;1520860876416290816;https://twitter.com/twitter/statuses/1520860876416290816;2022-05-01 20:21:03+00:00;Cointelegraph;True;New York, New York;798;1693304;84704;324;93;[];popular;[];$LUNA, NEAR, $VET and STEPN could outperform altcoins in the short-term if bulls manage to set Bitcoin into a conso‚Ä¶ https://t.co/7KyH6YUbyF;$LUNA NEAR $VET and STEPN could outperform altcoins in the short-term if bulls manage to set Bitcoin into a conso https://t.co/7KyH6YUbyF;[{'label': 'Positive', 'score': 0.6119174957275391}];Positive;0.6119174957275391
46;1520535388779167747;https://twitter.com/twitter/statuses/1520535388779167747;2022-04-30 22:47:41+00:00;luedji_luna;True;Salvador;146;53037;1761;5683;150;[];popular;[];Baile da Vogue, 2022. https://t.co/DvN5sTuC34;Baile da Vogue 2022 https://t.co/DvN5sTuC34;[{'label': 'Neutral', 'score': 0.906400203704834}];Neutral;0.906400203704834
47;1521096379103596545;https://twitter.com/twitter/statuses/1521096379103596545;2022-05-02 11:56:52+00:00;9gagceo;True;Memeland;1224;266531;747;340;101;[];popular;[{'screen_name': 'stablekwon', 'name': 'Do Kwon üåï', 'id': 357317524, 'id_str': '357317524', 'indices': [15, 26]}, {'screen_name': 'terra_money', 'name': 'Terra (UST) üåç Powered by LUNA üåï', 'id': 1022028994772910086, 'id_str': '1022028994772910086', 'indices': [65, 77]}, {'screen_name': 'memeland', 'name': 'Memeland by 9GAG', 'id': 1491285218422300673, 'id_str': '1491285218422300673', 'indices': [83, 92]}];"Please welcome @stablekwon, founder &amp; CEO of Terraform Labs (@terra_money), to @MEMELAND! Yes, the one and only Kin‚Ä¶ https://t.co/tBNXFo381G";Please welcome founder &amp CEO of Terraform Labs ( _money) to Yes the one and only Kin https://t.co/tBNXFo381G;[{'label': 'Positive', 'score': 0.7019777297973633}];Positive;0.7019777297973633
48;1520716160270053377;https://twitter.com/twitter/statuses/1520716160270053377;2022-05-01 10:46:00+00:00;richiehawtin;True;47.452747,8.555665;188;631038;12996;427;41;[];popular;[];WOWOWOWOWOW ARGENTINA two incredible shows in a row at LUNA PARK - DESTINO ARENA üí•üí• thank you for the energy love and all ‚ù§Ô∏èüá¶üá∑ü•≥üòéüòç;WOWOWOWOWOW ARGENTINA two incredible shows in a row at LUNA PARK DESTINO ARENA üí• thank you for the energy love and all ‚ù§Ô∏èüá¶üá∑ü•≥üòéüòç;[{'label': 'Positive', 'score': 0.9900053143501282}];Positive;0.9900053143501282
49;1520584541655642112;https://twitter.com/twitter/statuses/1520584541655642112;2022-05-01 02:03:00+00:00;GovMLG;True;New Mexico;199;55778;5946;92;56;[{'text': 'CalfCanyonFire', 'indices': [49, 64]}, {'text': 'HermitsPeakFire', 'indices': [65, 81]}];popular;[];"üö®Evacuation update in the Las Vegas area for the #CalfCanyonFire/#HermitsPeakFireüö®

The Camp Luna area is in SET st‚Ä¶ https://t.co/cvHns6POBY";üö®Evacuation update in the Las Vegas area for the #CalfCanyonFire/#HermitsPeakFireüö® The Camp Luna area is in SET st https://t.co/cvHns6POBY;[{'label': 'Neutral', 'score': 0.9112295508384705}];Neutral;0.9112295508384705
50;1521141650202017795;https://twitter.com/twitter/statuses/1521141650202017795;2022-05-02 14:56:45+00:00;GovMLG;True;New Mexico;199;55778;5946;81;44;[{'text': 'CalfCanyonFire', 'indices': [40, 55]}, {'text': 'HermitsPeakFire', 'indices': [56, 72]}];popular;[];"üö®Evacuation update in Las Vegas for the #CalfCanyonFire/#HermitsPeakFireüö®

The Luna &amp; Cinder areas are have been mo‚Ä¶ https://t.co/BbrKB4rNvm";üö®Evacuation update in Las Vegas for the #CalfCanyonFire/#HermitsPeakFireüö® The Luna &amp Cinder areas are have been mo https://t.co/BbrKB4rNvm;[{'label': 'Neutral', 'score': 0.8986567258834839}];Neutral;0.8986567258834839
51;1521104876272500736;https://twitter.com/twitter/statuses/1521104876272500736;2022-05-02 12:30:37+00:00;Forbes;True;New York, NY;5137;17870256;390676;84;21;[];popular;[];Bitcoin And Crypto Now Braced For A $9 Trillion Fed Earthquake As The Price Of Ethereum, BNB, Solana, Cardano, XRP,‚Ä¶ https://t.co/BQOzGlfxUr;Bitcoin And Crypto Now Braced For A $9 Trillion Fed Earthquake As The Price Of Ethereum BNB Solana Cardano XRP, https://t.co/BQOzGlfxUr;[{'label': 'Neutral', 'score': 0.6327261924743652}];Neutral;0.6327261924743652
52;1521120070851719168;https://twitter.com/twitter/statuses/1521120070851719168;2022-05-02 13:31:00+00:00;granttosterudwx;True;Albuquerque, NM;978;3119;10446;39;25;[];popular;[];The Luna and Cinder areas of Las Vegas must evacuate now (green areas). The Crestone area must be ready for possibl‚Ä¶ https://t.co/PNvICg9K9H;The Luna and Cinder areas of Las Vegas must evacuate now (green areas) The Crestone area must be ready for possibl https://t.co/PNvICg9K9H;[{'label': 'Neutral', 'score': 0.8664364218711853}];Neutral;0.8664364218711853
53;1520484417424175104;https://twitter.com/twitter/statuses/1520484417424175104;2022-04-30 19:25:09+00:00;LunarCrush;True;Moon;1876;268902;22921;104;33;[];popular;[{'screen_name': 'Utoday_en', 'name': 'U.Today', 'id': 953559767242498049, 'id_str': '953559767242498049', 'indices': [91, 101]}];"""110,000 $LUNA Bought by Top Whale as Terra Returns as Most-Purchased Asset by Whales"" via @Utoday_en 

This is the‚Ä¶ https://t.co/iQhbgBel9q";"""110,000 $LUNA Bought by Top Whale as Terra Returns as Most-Purchased Asset by Whales via _en This is the https://t.co/iQhbgBel9q";[{'label': 'Neutral', 'score': 0.7824077606201172}];Neutral;0.7824077606201172
54;1520551028461948929;https://twitter.com/twitter/statuses/1520551028461948929;2022-04-30 23:49:50+00:00;USLChampionship;True;U.S.A.;2292;83063;80784;57;18;[{'text': 'LDNvELP', 'indices': [60, 68]}];popular;[{'screen_name': 'eplocomotivefc', 'name': 'El Paso Locomotive FC', 'id': 965628886909444096, 'id_str': '965628886909444096', 'indices': [71, 86]}];"Absolute FILTH on the ball roll and finish by Diego Luna üòÆ

#LDNvELP | @eplocomotivefc https://t.co/dc4gi3Ug51";Absolute FILTH on the ball roll and finish by Diego Luna üòÆ #LDNvELP https://t.co/dc4gi3Ug51;[{'label': 'Positive', 'score': 0.8924148678779602}];Positive;0.8924148678779602
55;1520765027195793415;https://twitter.com/twitter/statuses/1520765027195793415;2022-05-01 14:00:11+00:00;cryptojack;True;Dubai, United Arab Emirates;483;47882;1607;107;18;[{'text': 'ETH', 'indices': [56, 60]}, {'text': 'FEG', 'indices': [62, 66]}, {'text': 'KASTA', 'indices': [68, 74]}, {'text': 'MATIC', 'indices': [76, 82]}, {'text': 'LUNA', 'indices': [85, 90]}, {'text': 'FTM', 'indices': [93, 97]}, {'text': 'SHIB', 'indices': [100, 105]}, {'text': 'VRA', 'indices': [107, 111]}];popular;[];A good memecoin/altcoin portfolio is incomplete without #ETH, #FEG, #KASTA, #MATIC , #LUNA , #FTM , #SHIB, #VRA ,‚Ä¶ https://t.co/oZ2ZJ0maTt;A good memecoin/altcoin portfolio is incomplete without #ETH #FEG #KASTA #MATIC #LUNA #FTM #SHIB #VRA , https://t.co/oZ2ZJ0maTt;[{'label': 'Neutral', 'score': 0.5791575312614441}];Neutral;0.5791575312614441
56;1521053638638153728;https://twitter.com/twitter/statuses/1521053638638153728;2022-05-02 09:07:01+00:00;Cointelegraph;True;New York, New York;798;1693304;84704;85;18;[];popular;[];The month of April has been a forgettable one for equities and cryptocurrency investors. However, a major positive‚Ä¶ https://t.co/uGzEZduoa7;The month of April has been a forgettable one for equities and cryptocurrency investors However a major positive https://t.co/uGzEZduoa7;[{'label': 'Neutral', 'score': 0.48474740982055664}];Neutral;0.48474740982055664
